id|firstName|lastName|gender|birthday|creationDate|locationIP|browserUsed
38|Wilson|Alves|female|1983-02-07|2010-06-17T07:35:23Z|200.0.86.15|Firefox
534|Faisal|Ali|male|1984-03-09|2010-05-04T09:04:42Z|119.63.128.7|Firefox
941|Bob|Smith|male|1984-04-15|2010-09-28T02:00:51Z|15.0.0.6|Firefox
347|Arjun|Rao|female|1988-05-22|2010-11-23T06:49:35Z|49.14.0.12|Chrome
303|Rahul|Khan|female|1985-02-08|2010-07-22T10:10:47Z|61.8.128.1|Chrome
977|Gabriela|Blanco|female|1986-06-28|2010-12-21T11:23:38Z|186.184.0.6|Firefox
495|Choi|Batbold|female|1988-09-16|2010-05-29T10:34:15Z|202.72.240.17|Firefox
75|Doug|Jones|male|1984-12-15|2010-12-14T11:41:37Z|24.38.144.14|Firefox
884|Ajahn|Paphunga|female|1982-06-25|2011-01-31T04:46:21Z|124.109.0.15|Internet Explorer
540|Lara|Eri|female|1986-05-14|2010-04-11T02:51:27Z|27.122.16.0|Firefox
336|A.|Nair|female|1980-05-10|2010-03-27T08:05:30Z|49.248.0.9|Firefox
405|Reza|Kamkar|male|1982-06-22|2010-12-05T10:26:41Z|78.111.0.16|Firefox
688|Jie|Zhang|male|1989-11-02|2010-04-23T03:38:04Z|1.2.4.7|Firefox
135|Ismail Omar|Mamo|male|1988-10-08|2010-05-08T08:02:57Z|213.55.64.10|Internet Explorer
587|Bing|Li|male|1982-08-22|2010-09-06T00:40:40Z|27.113.128.3|Internet Explorer
59|Alexandre|Dom Pedro II|male|1989-02-02|2010-06-26T11:24:31Z|192.190.30.15|Firefox
863|S|Perera|male|1987-01-01|2010-08-20T11:33:24Z|202.124.176.2|Firefox
621|Jun|Zhang|female|1984-05-03|2010-09-29T11:21:01Z|1.10.16.1|Internet Explorer
314|Shweta|Kapoor|male|1988-11-14|2010-07-31T02:28:08Z|61.12.0.0|Internet Explorer
628|Chengdong|Zhang|male|1987-04-28|2010-12-02T07:24:21Z|1.4.32.7|Safari
43|Jose|Machado|male|1983-06-08|2010-02-03T00:07:10Z|187.64.0.5|Firefox
875|Yasmin|Adhia|female|1982-07-11|2010-07-15T01:57:01Z|41.191.92.20|Firefox
139|Esti|Barre|female|1980-12-31|2011-01-10T07:00:26Z|213.55.64.16|Internet Explorer
861|Juan|Perez|male|1987-06-10|2010-09-29T02:56:56Z|31.170.96.7|Internet Explorer
498|Eli|Abdalas|female|1981-10-01|2010-05-08T11:01:19Z|196.2.80.16|Firefox
422|Francesco|Rossi|male|1988-10-31|2011-01-26T10:21:13Z|46.29.104.7|Firefox
285|Sanjay|Khan|male|1982-09-02|2010-06-12T00:23:22Z|27.4.0.3|Internet Explorer
514|Svein|Andresen|male|1985-11-02|2010-11-19T07:52:13Z|62.92.0.0|Chrome
746|Cheng|Li|male|1980-05-16|2010-07-01T03:52:47Z|27.98.224.2|Chrome
728|Hao|Zhang|male|1987-01-28|2011-01-11T10:31:46Z|1.0.8.8|Internet Explorer
50|Jose|Alves|male|1985-01-03|2010-02-07T04:28:55Z|200.0.81.1|Firefox
548|Lei|Chen|male|1987-07-19|2010-10-20T10:39:22Z|14.196.0.3|Internet Explorer
602|Chen|Yang|female|1980-05-13|2010-06-16T02:31:36Z|27.121.120.8|Chrome
825|Mikhail|Berman|male|1984-12-30|2010-08-06T09:45:00Z|31.40.8.20|Firefox
402|Ahmad|Bahadori|female|1984-07-28|2011-01-02T04:56:19Z|31.47.32.18|Chrome
109|Ahmed|Hassan|male|1986-06-23|2011-01-20T10:21:50Z|41.128.0.11|Chrome
557|Jun|Yang|female|1980-08-14|2010-03-02T07:27:09Z|1.92.0.3|Internet Explorer
72|Michael|Smith|female|1989-05-04|2010-10-18T01:29:09Z|24.142.0.11|Internet Explorer
627|Peng|Zhu|female|1986-11-26|2010-11-17T10:37:52Z|14.204.0.6|Chrome
416|Alessandro|Colombo|male|1988-11-17|2010-08-26T04:29:24Z|46.228.240.1|Firefox
758|Zhong|Yang|female|1987-10-27|2010-10-18T08:27:01Z|1.4.16.18|Chrome
790|Wladyslaw|Kaczmarek|male|1986-04-18|2010-05-04T08:30:39Z|46.41.128.7|Chrome
463|Antanas|Aronovsky|male|1982-08-17|2010-03-19T11:03:30Z|79.98.24.5|Firefox
838|Ashley|Hunter|male|1985-09-27|2010-06-04T11:54:33Z|196.52.0.13|Firefox
65|Hector Hugh|Law-Yone|female|1980-11-28|2010-09-27T10:38:50Z|203.215.60.18|Chrome
357|Shweta|Khan|male|1982-02-28|2010-07-09T10:27:27Z|59.176.0.7|Chrome
52|Rodrigo|Oliveira|male|1985-01-09|2010-10-12T08:43:21Z|177.0.0.6|Firefox
982|Huong|Hoang|female|1987-01-17|2010-10-25T06:20:12Z|110.35.72.8|Firefox
766|Antonio|Ojeda|male|1983-10-28|2010-12-05T01:37:07Z|200.4.192.5|Opera
708|Wei|Zhang|female|1984-06-28|2010-02-12T10:18:29Z|1.50.0.5|Chrome
427|Kenji|Sato|male|1981-07-08|2010-08-05T07:12:21Z|14.102.192.7|Firefox
193|Amit|Sharma|male|1988-04-27|2010-04-13T01:15:19Z|49.156.64.5|Firefox
707|Jun|Yang|female|1986-04-02|2010-05-22T08:01:08Z|27.8.0.5|Firefox
667|Michael|Chen|male|1984-12-24|2011-01-23T07:54:40Z|1.1.4.8|Firefox
559|Lei|Wang|male|1984-08-13|2010-04-08T02:00:54Z|1.45.0.0|Internet Explorer
12|Alberto|Cejas|male|1985-03-13|2010-10-16T07:40:31Z|186.56.0.12|Firefox
629|Lin|Li|male|1985-02-13|2010-04-15T07:42:31Z|1.2.0.20|Firefox
232|Shweta|Rao|male|1983-05-04|2010-07-22T06:39:46Z|27.124.0.17|Internet Explorer
992|Anh|Hoang|male|1980-11-23|2010-09-27T00:13:44Z|116.118.0.3|Safari
186|Sanjay|Singh|male|1985-08-04|2010-07-30T06:16:42Z|49.248.0.13|Firefox
216|Arjun|Nair|female|1990-01-17|2010-06-16T10:38:23Z|27.54.160.1|Chrome
197|Meera|Kapoor|female|1985-04-29|2010-02-11T02:45:00Z|59.164.0.12|Internet Explorer
585|Wei|Zhou|female|1988-01-31|2010-05-26T08:14:37Z|1.4.1.21|Opera
739|Bingjian|Xu|female|1984-11-06|2010-09-15T00:21:36Z|1.4.2.18|Chrome
388|Abdul Rahman|Ali|male|1984-07-27|2010-04-22T10:06:04Z|49.156.56.3|Firefox
928|Bill|Harris|female|1981-08-29|2010-02-16T08:58:11Z|24.50.144.16|Chrome
429|Koji|Suzuki|female|1988-11-10|2010-05-01T02:36:17Z|27.34.192.15|Firefox
28|Asim|Milicevic|male|1981-09-15|2010-05-30T01:03:17Z|80.87.240.6|Internet Explorer
732|Ge|Wang|female|1984-01-15|2010-02-11T11:21:49Z|14.196.0.8|Chrome
258|Sanjay|Singh|male|1982-02-11|2010-07-10T11:48:26Z|49.200.0.0|Safari
331|Deepak|Bose|male|1983-08-26|2010-06-15T05:32:18Z|27.131.208.15|Firefox
318|Rahul|Singh|female|1989-06-14|2010-02-20T07:57:57Z|103.1.112.3|Chrome
635|Lei|Zhang|male|1985-02-02|2010-03-17T07:54:40Z|1.56.0.7|Safari
988|Anh|Loan|male|1989-02-01|2011-01-07T04:08:48Z|103.10.88.14|Chrome
393|Alexander|Balawan|female|1986-01-19|2010-02-20T09:22:05Z|110.44.168.16|Internet Explorer
654|Anson|Zhang|female|1983-05-09|2011-01-20T02:02:44Z|14.144.0.2|Firefox
105|Fausto|Cruz|male|1986-02-12|2011-01-27T04:33:30Z|196.3.106.1|Internet Explorer
659|Li|Yang|female|1983-08-11|2010-04-09T05:48:12Z|1.4.32.10|Safari
189|R.|Khan|female|1990-01-20|2011-01-27T08:48:04Z|49.128.160.6|Chrome
837|France|Avsenik|male|1981-04-04|2010-12-15T04:51:50Z|85.10.0.10|Firefox
643|Lei|Zhang|male|1983-01-28|2010-06-02T10:29:09Z|27.99.128.14|Safari
150|Paul|Adam|female|1988-04-10|2010-11-20T04:56:09Z|46.20.160.3|Firefox
668|Chen|Zhang|female|1981-06-08|2010-03-04T10:33:00Z|1.94.0.11|Firefox
556|Wei|Zhou|female|1985-04-12|2010-11-11T00:18:02Z|1.92.0.7|Internet Explorer
383|Aburizal|Balawan|female|1990-01-01|2010-10-30T02:46:32Z|110.136.0.8|Internet Explorer
532|Ayesha|Baloch|male|1980-02-01|2010-09-16T11:28:11Z|124.109.32.9|Firefox
326|A.|Roy|female|1982-03-26|2010-07-22T09:45:22Z|1.6.0.2|Opera
45|Carlos|Souza|female|1985-07-28|2010-07-07T11:40:58Z|177.0.0.8|Chrome
970|David|Davis|female|1989-11-10|2010-10-15T07:12:55Z|24.40.64.16|Internet Explorer
717|Chen|Wu|female|1987-10-12|2010-09-21T01:00:37Z|27.121.120.19|Internet Explorer
900|Bulent|Arikan|male|1984-01-18|2010-02-14T07:06:09Z|81.6.64.0|Firefox
910|Volodymyr|Matveyev|female|1986-02-07|2010-06-09T08:34:45Z|46.46.64.15|Internet Explorer
940|Jim|Brown|female|1988-01-20|2010-03-17T06:28:46Z|24.49.192.4|Firefox
598|Chen|Zhang|female|1980-11-23|2010-02-19T02:18:13Z|27.16.0.2|Firefox
765|Javier|Allende|male|1981-05-22|2010-08-23T03:41:19Z|200.108.96.7|Firefox
877|Sompong|Boy|female|1984-10-12|2010-12-06T06:19:24Z|123.242.128.8|Firefox
239|A.|Khan|female|1985-07-24|2010-09-21T03:57:41Z|61.8.128.6|Safari
524|Asim|Baloch|female|1984-02-16|2010-11-24T11:46:14Z|202.47.94.5|Firefox
384|Muhammad|Mohede|male|1983-04-06|2010-07-29T05:08:55Z|39.192.0.5|Firefox
396|Abdul Haris|Lesmana|female|1986-06-20|2010-02-06T10:50:49Z|27.131.248.12|Firefox
224|Shweta|Kumar|male|1980-10-10|2010-09-01T02:47:44Z|27.248.0.9|Chrome
177|Rahul|Sharma|female|1989-09-29|2010-04-18T01:21:40Z|49.238.32.9|Chrome
795|Yang|Chan|male|1987-07-01|2010-05-08T11:40:00Z|61.218.0.11|Chrome
619|Li|Yang|female|1985-05-22|2010-09-15T06:31:53Z|1.10.32.6|Internet Explorer
262|K.|Kapoor|female|1984-07-20|2010-11-27T00:38:02Z|49.200.0.4|Internet Explorer
91|Wilson|Agudelo|female|1981-07-03|2010-07-06T10:27:55Z|190.7.144.15|Chrome
711|Li|Zhang|female|1984-09-27|2011-01-18T08:28:10Z|27.99.128.12|Chrome
308|Rahul|Irani|female|1985-12-29|2010-02-15T08:46:12Z|1.6.0.7|Firefox
536|Asim|Hussain|female|1985-04-03|2010-09-09T10:55:16Z|202.154.240.8|Firefox
579|Yang|Xie|male|1987-06-20|2010-02-13T09:42:39Z|1.51.0.7|Chrome
513|John|Campbell|female|1983-04-18|2010-07-11T11:00:16Z|199.185.139.10|Internet Explorer
348|Abhishek|Kapoor|male|1986-03-19|2010-02-11T00:45:02Z|27.116.48.16|Chrome
153|Georges|Breton|female|1988-03-18|2010-11-04T05:38:14Z|46.231.144.15|Chrome
419|Enrico|Bindi|female|1980-06-11|2010-05-05T05:42:33Z|46.18.136.0|Internet Explorer
663|Wei|Li|female|1985-07-13|2010-06-21T07:40:33Z|1.4.1.1|Firefox
887|Anand|Aguilar|male|1985-09-16|2010-12-16T01:01:56Z|110.34.128.11|Firefox
374|Abdul Rahman|Anwar|male|1989-12-10|2010-12-31T07:34:58Z|49.156.20.12|Firefox
616|Chen|Chen|female|1985-12-28|2011-01-04T08:36:10Z|1.10.16.14|Firefox
996|Abdulwahab|Al-Shorabi|female|1987-07-18|2010-09-13T10:14:20Z|195.94.0.3|Internet Explorer
473|Alfonso|Gonzalez|female|1988-02-29|2010-06-15T08:48:48Z|189.213.0.5|Internet Explorer
415|Antonio|Donati|female|1987-09-16|2010-11-20T09:11:45Z|31.12.8.17|Firefox
88|Wilson|Aristizábal Vásquez|female|1984-04-25|2010-11-14T03:14:01Z|186.168.0.5|Chrome
518|Asim|Baloch|female|1986-09-25|2010-07-24T05:31:58Z|202.143.112.2|Chrome
842|Jonathan|Murray|female|1989-04-21|2010-03-18T04:24:51Z|41.191.124.17|Firefox
762|Jun|Yang|female|1984-04-02|2010-08-01T07:22:31Z|27.152.0.2|Safari
44|Carlos|Alves|female|1985-06-11|2010-05-20T04:03:17Z|198.49.128.10|Internet Explorer
603|Jie|Zhang|male|1980-11-11|2010-02-02T10:22:56Z|27.8.0.7|Firefox
86|Natalia|Arroyo|male|1982-01-31|2010-03-15T04:03:41Z|190.6.160.1|Firefox
731|Chengdong|Li|male|1986-04-05|2010-05-31T11:56:01Z|27.106.128.0|Firefox
919|Ronald Alan|Smith|male|1982-11-21|2010-10-30T03:20:18Z|31.10.32.4|Chrome
685|Ge|Zhang|female|1980-03-03|2010-07-14T03:06:52Z|1.10.12.2|Firefox
346|John|Kumar|male|1987-05-16|2010-04-18T05:09:15Z|27.54.144.17|Internet Explorer
212|A.|Khan|female|1988-09-14|2010-04-23T06:25:19Z|1.6.0.10|Opera
505|Basanta|Koirala|male|1981-10-31|2010-05-17T00:38:30Z|202.52.248.19|Firefox
142|Angel|Mula|male|1983-06-03|2010-12-11T00:45:02Z|213.55.64.0|Safari
353|Shweta|Reddy|male|1984-08-08|2010-08-22T05:37:16Z|27.124.0.15|Firefox
965|Jack|Davis|male|1983-10-19|2010-12-11T08:27:01Z|24.51.192.10|Chrome
327|Arjun|Sharma|female|1989-03-26|2010-09-20T08:59:20Z|1.22.0.2|Firefox
114|Ahmed|Akef|male|1989-02-28|2010-05-14T01:38:22Z|196.3.14.9|Firefox
743|Anson|Zhou|female|1986-11-30|2010-04-07T02:04:39Z|1.10.11.13|Firefox
764|Jie|Li|male|1985-09-16|2010-10-03T10:48:52Z|1.45.0.7|Opera
712|Ben|Li|male|1985-01-11|2010-08-29T05:46:42Z|1.116.0.6|Internet Explorer
94|Jose|Alonso|female|1980-07-13|2010-10-24T06:51:09Z|190.6.80.4|Chrome
945|Richard|Brown|male|1983-07-12|2010-04-25T01:01:42Z|24.48.128.8|Chrome
564|Hao|Wang|male|1981-10-05|2010-03-12T06:21:54Z|27.121.72.6|Internet Explorer
203|Shweta|Kumar|male|1989-04-26|2010-02-17T10:44:00Z|58.2.0.8|Internet Explorer
122|William|Jones|female|1980-02-16|2010-02-01T03:01:07Z|204.79.194.17|Firefox
959|David|Smith|female|1981-07-09|2010-06-30T11:56:52Z|23.48.0.4|Chrome
997|Eddie|Ben-Tzur|male|1989-02-01|2010-07-05T04:17:07Z|46.35.64.12|Firefox
36|Joao|Gomes|female|1985-08-04|2010-08-27T03:17:53Z|198.49.132.22|Firefox
510|Barbara|Arguello|female|1988-08-17|2010-04-30T09:28:25Z|192.107.104.4|Chrome
412|Hossein|Hosseini|male|1982-03-17|2010-09-02T10:36:32Z|46.209.0.14|Firefox
278|Sanjay|Singh|male|1980-02-18|2011-01-09T09:07:19Z|27.116.52.8|Chrome
675|Lei|Li|male|1988-04-06|2010-08-16T08:28:17Z|1.2.16.3|Firefox
13|Antonio|Alvarez|male|1981-06-07|2010-02-26T10:29:06Z|186.18.0.6|Firefox
204|Priyanka|Khan|female|1989-09-18|2010-09-26T09:59:52Z|27.109.0.6|Firefox
537|Adil|Malik|female|1983-06-26|2010-07-31T07:20:53Z|103.4.92.16|Chrome
275|Deepak|Rao|male|1986-12-05|2010-04-06T00:38:26Z|61.17.128.1|Firefox
335|Amit|Khan|male|1983-11-22|2010-06-28T01:50:51Z|61.95.224.7|Internet Explorer
568|Cheng|Zhu|male|1987-08-13|2010-02-27T11:17:58Z|1.94.0.5|Chrome
221|K.|Reddy|female|1982-03-01|2010-02-27T00:52:06Z|27.121.100.0|Firefox
73|Jack|Smith|male|1988-09-27|2010-03-02T01:45:47Z|64.18.160.12|Internet Explorer
733|Ning|Xu|female|1987-07-13|2011-01-13T05:41:36Z|1.2.2.23|Internet Explorer
669|Peng|Yang|female|1984-10-04|2011-01-25T08:10:51Z|1.10.0.19|Firefox
726|Zhi|Xu|male|1981-01-30|2010-12-28T08:13:07Z|1.2.32.11|Chrome
408|Reza|Kamkar|male|1985-09-26|2010-07-10T07:46:32Z|91.184.64.9|Chrome
483|Manuel|Bravo|male|1986-08-22|2010-09-28T09:29:40Z|148.211.0.1|Firefox
235|John|Rao|male|1986-02-28|2010-08-30T05:58:45Z|1.38.0.0|Opera
436|Shinji|Suzuki|female|1982-08-12|2010-06-23T05:09:22Z|27.96.68.18|Safari
844|Gordon|Maclaine|male|1984-05-01|2010-04-12T10:45:30Z|41.75.96.9|Chrome
517|Asim|Amjad|female|1985-09-27|2010-02-07T08:06:24Z|110.93.192.6|Internet Explorer
544|Li|Zhao|female|1984-12-08|2010-08-28T09:47:06Z|27.112.0.6|Opera
118|Ahmed|Fayed|male|1989-04-03|2010-03-30T06:40:16Z|163.121.0.1|Firefox
185|Divya|Sharma|female|1980-08-11|2010-06-20T07:41:59Z|49.128.160.2|Chrome
48|Paulo|Santos|female|1983-12-05|2010-06-11T01:32:08Z|192.80.209.23|Chrome
370|Zaenal|Thielsch|male|1981-05-22|2011-01-13T09:35:22Z|111.221.40.9|Internet Explorer
759|Bing|Li|male|1981-11-18|2010-06-30T08:24:52Z|1.24.0.1|Internet Explorer
976|Luis|Castro|female|1988-10-22|2010-12-24T10:10:47Z|190.103.32.13|Chrome
33|Nelson|Santos|male|1983-04-30|2010-12-01T00:22:39Z|192.146.157.6|Firefox
178|Sanjay|Singh|male|1986-03-03|2011-01-28T11:50:22Z|49.12.0.0|Chrome
609|Wei|Li|female|1986-03-09|2010-11-22T06:37:29Z|1.68.0.8|Internet Explorer
156|Fritz|Engel|female|1987-03-11|2010-08-01T10:28:46Z|46.20.32.6|Internet Explorer
102|Thomas Ilenda|Kitoko|female|1986-04-16|2010-06-13T04:45:34Z|41.75.64.13|Firefox
333|Shweta|Roy|male|1985-11-05|2010-04-27T04:21:43Z|49.204.0.10|Chrome
56|Leandro|Costa|female|1989-12-13|2010-07-14T03:51:17Z|192.195.237.8|Chrome
770|Isabel|Fernandez|female|1985-02-21|2010-11-28T11:31:49Z|122.52.0.3|Firefox
852|Min-Jung|Han|female|1980-07-18|2010-02-22T02:24:46Z|27.115.128.1|Firefox
936|James|Davis|male|1982-12-24|2010-12-06T06:04:44Z|24.30.128.4|Firefox
569|Wei|Yang|female|1987-10-10|2010-12-04T07:11:08Z|27.131.220.13|Chrome
486|Manuel|Rodriguez|male|1987-12-14|2010-09-11T02:28:51Z|189.205.0.4|Chrome
630|Li|Liu|female|1981-01-29|2010-11-09T05:57:48Z|1.1.0.10|Chrome
927|Robert|Brown|male|1986-10-12|2010-02-27T01:05:44Z|24.40.224.4|Internet Explorer
451|Aleksandr|Kireyev|male|1987-07-22|2010-03-16T11:24:30Z|195.189.28.2|Firefox
729|Li|Chen|female|1985-05-07|2010-11-30T01:10:04Z|1.0.1.15|Opera
542|Lin|Wei|male|1981-11-24|2010-12-10T04:48:39Z|27.54.152.1|Chrome
911|Boris|Khmelnytsky|female|1985-09-21|2010-07-30T03:13:51Z|46.149.48.14|Chrome
430|Koji|Kobayashi|female|1980-05-21|2010-11-29T00:15:24Z|27.98.128.10|Chrome
83|Francisco|Montt|female|1981-05-10|2010-05-30T00:00:28Z|190.102.240.15|Opera
340|Karan|Chopra|female|1980-09-05|2010-07-21T05:56:31Z|27.118.32.12|Firefox
979|Anh|Hoang|male|1980-10-28|2010-04-24T07:41:09Z|103.3.248.3|Firefox
896|Cem|Sezer|female|1989-08-30|2010-04-06T09:58:05Z|85.159.72.6|Firefox
299|Abhishek|Narayan|male|1986-07-27|2010-02-17T06:13:19Z|59.176.0.8|Chrome
300|Deepak|Singh|male|1984-12-06|2011-01-12T01:18:16Z|27.116.16.3|Internet Explorer
297|Sanjay|Kumar|male|1987-08-17|2010-06-20T00:49:33Z|27.113.252.15|Firefox
394|Alexander G.|Danusiri|male|1984-03-20|2010-08-04T07:53:17Z|112.78.128.15|Chrome
182|K.|Chopra|female|1986-03-22|2010-03-27T04:40:00Z|27.107.0.3|Firefox
828|Igor|Berman|female|1985-12-06|2010-05-15T05:01:33Z|31.180.0.0|Firefox
882|Aittiphon|Aguilar|male|1983-05-07|2010-05-31T07:41:24Z|119.46.0.13|Firefox
878|Kittipol|Wattansin|female|1986-09-02|2010-10-22T08:54:25Z|103.2.112.13|Firefox
853|Eun-Hye|Choi|male|1983-07-07|2011-01-11T02:42:37Z|58.72.0.6|Firefox
529|Faisal|Hussain|male|1989-04-01|2010-03-13T11:44:00Z|103.4.92.17|Firefox
79|Guy|Ateme Elanga|female|1982-04-17|2010-09-05T11:55:02Z|41.223.28.8|Internet Explorer
819|Anna|Ivanov|male|1987-06-05|2010-11-18T02:05:29Z|31.28.96.0|Internet Explorer
3|Jacques|Belkaid|male|1982-08-04|2010-11-14T02:20:21Z|196.20.64.10|Firefox
149|Henri|Blanc|male|1984-11-13|2010-10-26T06:30:36Z|46.18.120.15|Firefox
78|Sinn|Dany|female|1982-07-17|2010-04-16T11:17:46Z|118.67.200.5|Internet Explorer
319|John|Rao|male|1982-01-01|2010-12-23T05:17:45Z|61.1.0.9|Firefox
180|Arun|Kumar|female|1990-01-25|2010-12-09T09:25:37Z|49.248.0.5|Firefox
683|Peng|Li|female|1982-07-11|2010-02-26T03:01:02Z|1.48.0.0|Internet Explorer
938|Michael|Wright|female|1988-07-10|2010-04-21T02:03:43Z|24.41.64.0|Firefox
951|Mike|Smith|female|1983-05-21|2010-12-02T03:19:22Z|24.49.96.13|Chrome
5|Abdel|Ferrer|female|1984-12-16|2010-07-03T01:52:10Z|193.194.64.18|Firefox
176|Péter|Kiss|male|1981-01-17|2010-07-14T11:49:03Z|62.201.64.7|Internet Explorer
434|Daisuke|Matsudaira|female|1983-06-13|2010-07-15T00:58:20Z|1.112.0.9|Chrome
572|Zhang|Hu|male|1986-10-15|2010-05-08T03:35:12Z|1.1.8.17|Internet Explorer
952|David|Davis|female|1980-06-05|2010-11-14T04:22:33Z|24.56.64.16|Firefox
760|Li|Zhang|female|1981-04-15|2010-04-06T04:08:02Z|1.8.0.0|Internet Explorer
157|Werner|Bach|female|1984-07-14|2010-12-12T08:37:14Z|204.79.147.8|Firefox
886|Anant|Supinyo|female|1987-12-06|2010-04-13T09:20:58Z|111.235.68.9|Firefox
785|Gregorio|Aquino|male|1987-11-18|2010-06-06T11:13:13Z|103.29.80.13|Internet Explorer
490|Grigore|Goncearov|female|1986-01-23|2010-07-22T08:44:19Z|193.107.96.21|Chrome
613|Benedict|Zhang|female|1986-10-13|2010-10-10T04:39:28Z|14.102.128.17|Internet Explorer
229|Naresh|Rao|male|1986-12-31|2010-06-12T06:09:48Z|14.140.0.3|Internet Explorer
829|Joseph|Dobrunov|female|1982-12-02|2010-12-15T01:04:29Z|31.184.192.11|Firefox
445|Shinji|Kobayashi|female|1989-02-26|2010-03-24T07:27:27Z|27.131.192.2|Internet Explorer
980|Cam|Doan|female|1985-06-16|2010-06-06T02:48:35Z|111.91.232.1|Internet Explorer
137|Asher|Guelleh|female|1985-12-21|2010-11-09T07:41:45Z|213.55.64.12|Internet Explorer
535|Ahsan|Khan|male|1989-07-28|2010-05-28T01:59:58Z|202.61.123.9|Internet Explorer
521|Babar|Khan|female|1987-10-19|2010-04-28T02:29:28Z|110.232.188.18|Firefox
778|Jose|Sotto|female|1990-01-11|2010-09-12T03:07:35Z|112.199.0.14|Firefox
4|Mohamed|Ferrer|male|1989-04-03|2010-11-20T06:12:49Z|41.209.128.13|Internet Explorer
662|Hao|Zhao|male|1982-02-23|2010-07-08T11:10:13Z|1.184.0.10|Firefox
709|Jun|Yang|female|1981-11-05|2010-12-13T04:54:10Z|1.68.0.4|Firefox
231|Lakshmi|Khan|male|1982-07-06|2010-04-26T02:48:22Z|49.156.64.3|Internet Explorer
201|Arjun|Rao|female|1983-04-16|2010-09-09T10:35:21Z|49.238.32.6|Firefox
487|Sergio|Gomez|female|1988-05-27|2010-12-08T06:13:41Z|148.214.0.0|Firefox
476|Jose|Meza|male|1982-01-21|2010-10-23T06:33:04Z|148.235.0.8|Firefox
491|Artur|Goma|male|1987-04-13|2010-04-29T00:41:44Z|193.239.182.15|Internet Explorer
560|Lei|Xu|male|1983-03-28|2010-04-22T07:44:25Z|27.98.208.11|Chrome
11|Pablo|Diaz|female|1984-03-17|2010-05-15T03:00:43Z|190.9.0.8|Firefox
715|Zheng|Li|female|1981-05-01|2010-09-23T05:33:58Z|1.4.16.8|Firefox
942|Richard|Harris|male|1988-07-17|2010-02-02T01:54:31Z|24.38.0.0|Firefox
280|K.|Chopra|female|1988-05-22|2010-06-19T05:11:24Z|103.1.80.8|Internet Explorer
736|Zheng|Zhu|female|1989-04-10|2010-08-09T11:12:58Z|27.103.0.2|Firefox
1|Ehsan|Jahani|female|1980-02-01|2010-08-16T02:28:23Z|210.80.0.10|Firefox
889|David|Baya|female|1981-12-04|2010-07-28T06:47:04Z|196.203.0.7|Firefox
835|Brad|Tan|male|1982-09-30|2010-12-16T08:46:27Z|101.234.0.3|Internet Explorer
986|Bich Phuong|Le|male|1986-10-18|2010-05-03T08:43:06Z|119.18.128.13|Firefox
287|John|Kapoor|male|1982-01-25|2010-10-07T01:46:30Z|49.156.128.5|Firefox
661|Yang|He|male|1982-11-08|2011-01-05T02:57:13Z|1.2.64.5|Internet Explorer
575|Jun|Zhou|female|1986-09-26|2010-04-06T02:15:47Z|27.36.0.7|Firefox
276|Arjun|Bose|female|1986-02-15|2010-07-02T07:48:21Z|27.255.128.11|Chrome
622|Li|Zhang|female|1985-09-23|2010-09-29T08:08:27Z|1.4.1.21|Internet Explorer
400|Maryam|Kamkar|male|1981-10-08|2010-09-12T10:18:02Z|89.235.64.0|Chrome
937|Frank|Smith|female|1981-11-04|2010-05-15T08:03:47Z|24.40.96.0|Internet Explorer
834|Abdala|Diouf|female|1986-12-05|2010-02-25T08:32:30Z|41.214.0.1|Chrome
545|Lei|Wang|male|1987-09-04|2010-04-12T09:47:49Z|14.144.0.10|Chrome
948|David|Brown|female|1983-03-19|2010-11-04T00:21:20Z|24.56.64.0|Firefox
123|Billy|Brown|female|1987-02-27|2010-07-15T03:43:45Z|31.96.0.6|Firefox
780|Jose|Aquino|female|1982-11-24|2010-08-17T06:04:53Z|112.199.0.2|Internet Explorer
674|Bing|Li|male|1988-03-03|2010-07-08T10:24:22Z|1.4.8.2|Firefox
858|Francisco|Alonso|female|1986-02-14|2010-10-30T01:22:54Z|62.93.160.8|Internet Explorer
876|Andrew|Faulds|female|1982-06-28|2010-03-14T03:16:50Z|41.73.192.10|Internet Explorer
658|Yang|Zhao|male|1981-12-28|2010-03-15T04:34:50Z|1.2.32.11|Chrome
464|Abdoulatifou|Muni|male|1983-02-03|2010-10-16T08:39:34Z|41.204.96.17|Firefox
96|Karl|Lederer|male|1985-01-21|2010-11-01T07:34:58Z|31.129.32.12|Firefox
929|Paul|Harris|female|1986-07-12|2010-02-03T00:23:17Z|21.0.0.2|Firefox
960|Jack|Johnson|male|1981-08-13|2010-06-24T11:27:47Z|12.0.0.6|Safari
325|Ashok|Khan|male|1980-12-20|2010-03-11T03:33:13Z|103.1.196.8|Firefox
618|Jie|Zhang|male|1987-02-27|2010-04-27T00:51:56Z|14.104.0.5|Firefox
254|Neha|Rao|male|1988-02-21|2010-03-23T11:44:31Z|14.102.0.0|Firefox
888|Aharon|Delanoë|female|1981-06-06|2010-11-01T02:36:44Z|196.216.156.5|Firefox
693|Jun|Zhang|female|1984-07-02|2010-06-05T11:59:39Z|27.8.0.2|Firefox
921|Nicholas|Smith|female|1984-01-28|2010-07-17T11:14:47Z|31.15.104.16|Internet Explorer
694|Bingbing|Li|female|1984-02-11|2010-04-05T11:15:29Z|1.202.0.5|Firefox
143|Olavi|Salminen|female|1981-06-11|2010-02-22T04:12:39Z|62.61.64.9|Opera
489|Nikolay Dimitrievich|Toma|female|1980-08-06|2010-04-05T02:09:39Z|62.221.64.16|Firefox
449|Andrey|Iglinsky|male|1983-05-30|2010-06-08T09:23:58Z|31.169.0.12|Firefox
679|Chengdong|Zhao|male|1980-10-05|2011-01-30T11:54:54Z|27.112.80.4|Firefox
983|Cesar|Pham|male|1983-12-19|2010-10-31T00:28:04Z|183.90.160.1|Firefox
881|Chutima|Supinyo|female|1988-02-06|2010-05-31T04:29:16Z|118.172.0.4|Internet Explorer
696|Chen|Li|female|1989-09-24|2010-07-26T05:34:49Z|1.2.64.14|Internet Explorer
179|Meera|Kumar|female|1982-08-13|2010-06-09T00:24:39Z|61.1.0.7|Firefox
387|A.|Budjana|female|1988-06-04|2010-04-23T02:51:52Z|113.11.128.1|Safari
406|Mohammad|Hosseini|female|1988-12-25|2010-12-09T03:00:42Z|78.110.112.8|Chrome
511|Ibrahim Bare|Lambo|female|1983-11-06|2010-05-12T03:33:53Z|41.203.128.12|Internet Explorer
860|Juan|Suarez|male|1984-12-18|2010-10-19T04:47:40Z|199.103.81.15|Internet Explorer
257|Shweta|Sharma|male|1980-03-05|2010-07-20T04:25:22Z|27.116.16.19|Chrome
671|Zhong|Zhang|female|1988-07-27|2010-08-22T05:50:37Z|1.4.2.7|Chrome
225|Shweta|Sharma|male|1985-03-25|2010-08-05T04:27:21Z|101.208.0.9|Safari
55|Carlos|Costa|female|1988-03-04|2010-10-03T08:16:45Z|192.207.205.2|Firefox
958|George|Johnson|female|1983-03-27|2010-03-07T05:19:04Z|24.51.128.11|Chrome
213|Sanjay|Irani|male|1980-12-06|2011-01-30T07:04:01Z|101.2.0.11|Internet Explorer
167|Heinz|Koch|male|1986-02-16|2010-05-30T10:21:55Z|46.28.112.3|Firefox
159|Michael|Muller|female|1981-10-10|2010-11-07T00:28:02Z|204.79.148.3|Firefox
991|Don|Doan|female|1984-07-19|2010-07-06T02:50:31Z|101.53.0.7|Chrome
767|Claudia|Castillo|female|1987-02-12|2010-05-15T03:46:15Z|200.60.0.12|Firefox
893|Bülent|Arikan|male|1981-03-08|2010-08-27T08:58:08Z|62.29.0.8|Internet Explorer
250|Rahul|Singh|female|1989-05-29|2010-04-21T05:01:22Z|59.164.0.14|Chrome
480|Juan|Cosio|female|1984-07-14|2010-11-25T01:39:43Z|148.213.0.9|Chrome
899|Muhammet|Ak|female|1985-08-31|2010-04-04T02:12:01Z|84.17.64.16|Chrome
21|Rafael|Guliyev|female|1982-10-13|2010-03-21T02:07:56Z|109.127.0.2|Internet Explorer
173|Jose Trinidad|Flores|male|1984-04-13|2010-04-28T00:28:18Z|190.107.144.4|Internet Explorer
371|Taufik|Gallagher|female|1983-06-09|2011-01-08T07:04:48Z|103.10.56.6|Internet Explorer
943|Robert|Brown|male|1987-05-15|2010-10-07T08:21:23Z|24.0.0.1|Firefox
772|Juan|Fernandez|female|1989-10-09|2010-07-28T08:50:15Z|124.217.0.6|Firefox
466|Abu Bakar Bin|Hassan|female|1985-03-06|2010-06-06T05:16:54Z|119.110.0.10|Chrome
166|Franz|Muller|female|1984-11-26|2010-12-04T04:00:41Z|31.209.80.14|Firefox
987|Ching|Nguyen|male|1985-05-19|2010-02-06T10:15:57Z|58.186.0.1|Opera
786|Kazimierz|Ciesla|male|1984-11-24|2010-10-11T05:01:57Z|31.41.144.13|Firefox
565|Ning|Wang|female|1988-01-31|2010-07-25T11:55:05Z|1.3.0.4|Firefox
496|Aharon|Peretz|male|1984-07-16|2010-10-17T07:18:30Z|196.217.0.12|Chrome
366|Abdul Rahman|Budjana|male|1980-08-29|2010-06-26T02:59:30Z|49.50.8.14|Internet Explorer
99|Barbara|Bemba|male|1985-07-11|2010-11-14T11:21:34Z|41.190.72.12|Internet Explorer
398|Zaenal|Anwar|male|1982-09-22|2010-11-01T03:28:08Z|103.246.76.23|Firefox
453|Francis|Ouma|female|1983-04-24|2010-02-08T00:11:41Z|196.43.202.1|Firefox
263|John|Singh|male|1981-03-04|2010-07-06T08:59:58Z|27.121.100.5|Chrome
175|Zsolt|Elek|female|1982-02-12|2010-10-10T06:44:40Z|31.210.8.17|Chrome
140|Asher|Mamo|female|1986-07-25|2010-08-18T08:31:29Z|213.55.64.10|Chrome
71|Mike|Campbell|female|1988-07-24|2010-09-14T01:32:13Z|24.212.0.4|Firefox
814|Ivan|Popov|female|1980-07-03|2010-11-14T05:48:41Z|31.171.192.1|Internet Explorer
446|Ken|Kobayashi|male|1982-11-10|2010-02-18T07:52:59Z|27.54.124.9|Internet Explorer
745|Peng|Yang|female|1983-04-29|2010-05-28T08:58:24Z|1.88.0.0|Chrome
850|Hyo-Jin|Han|female|1986-10-10|2010-05-30T09:39:59Z|58.87.32.1|Chrome
341|K.|Khan|female|1986-01-13|2010-10-11T03:44:47Z|27.123.216.4|Firefox
699|Wei|Wang|female|1982-07-21|2010-06-28T01:59:49Z|27.106.128.15|Internet Explorer
563|Jie|Hu|male|1981-12-07|2010-05-03T02:38:31Z|27.109.32.15|Internet Explorer
998|Jimmy|Kalaba|female|1987-01-23|2010-02-14T09:46:49Z|41.72.96.18|Chrome
932|Robert|Smith|male|1989-03-12|2011-01-10T11:24:46Z|24.38.128.1|Firefox
892|Sinan|Alp|male|1985-08-05|2011-01-15T09:43:01Z|81.6.64.3|Firefox
648|Jun|Xu|female|1985-01-17|2010-06-06T07:18:29Z|27.121.72.4|Firefox
66|Fali Sam|Law-Yone|male|1986-07-23|2010-04-06T10:10:35Z|203.215.60.12|Firefox
531|Ayesha|Ahmed|male|1989-04-17|2010-09-03T01:11:55Z|202.61.123.12|Chrome
520|Ayesha|Khan|male|1984-10-05|2010-04-16T08:26:52Z|182.176.0.1|Firefox
632|Peng|Li|female|1980-03-28|2010-08-24T10:22:51Z|1.4.4.22|Firefox
738|Lei|Liu|male|1985-08-27|2010-10-25T11:01:19Z|27.54.152.1|Chrome
591|Yang|Zhang|male|1981-04-02|2010-10-22T10:31:33Z|1.2.32.5|Chrome
35|Carlos|Oliveira|female|1987-04-16|2010-02-14T06:24:11Z|192.207.203.15|Chrome
269|Rahul|Khan|female|1986-05-04|2010-04-01T10:11:32Z|27.109.0.9|Chrome
53|Emperor of Brazil|Santos|female|1983-01-10|2010-06-10T06:55:52Z|152.92.0.11|Chrome
690|Jie|Zhang|male|1986-11-14|2010-06-24T04:14:22Z|1.1.0.0|Firefox
22|Afran|Mammadov|female|1981-01-23|2010-05-24T06:21:19Z|213.154.0.17|Internet Explorer
550|Yang|Li|male|1989-06-04|2010-03-29T08:56:23Z|14.130.0.10|Firefox
504|Kalidas|Koirala|male|1988-08-25|2010-06-11T10:22:26Z|36.252.0.6|Chrome
666|Ge|Liu|female|1981-01-21|2010-03-19T01:49:05Z|1.2.2.13|Chrome
901|Ilhan|Arikan|male|1983-03-26|2010-10-15T05:01:00Z|46.28.232.11|Chrome
571|Ge|Wang|female|1985-03-05|2011-01-21T01:06:36Z|14.102.156.16|Firefox
17|Frank|Taylor|male|1988-09-02|2010-09-21T04:18:29Z|1.10.10.3|Firefox
716|Lin|Zhang|male|1984-05-15|2010-12-07T03:09:41Z|1.4.6.13|Firefox
131|Baruch|Melaku|male|1987-03-23|2010-12-13T01:48:23Z|213.55.64.6|Firefox
395|Eko Maulana|Lesmana|male|1986-08-06|2010-08-18T07:10:15Z|49.0.0.16|Chrome
647|Bo|Wang|female|1987-08-12|2010-09-28T03:56:49Z|27.113.128.6|Chrome
420|Francesco|Rossi|male|1987-02-11|2010-02-28T03:34:13Z|31.156.0.11|Opera
914|James|Smith|female|1986-04-16|2010-06-25T09:43:45Z|46.17.160.3|Firefox
168|Karl|Frank|female|1989-02-18|2010-03-12T00:34:03Z|204.79.177.5|Firefox
101|Mpeti|Bembo-Leta|male|1983-03-18|2010-03-27T03:28:38Z|197.255.176.19|Firefox
344|Ashok|Khan|male|1982-08-21|2010-03-08T01:49:28Z|59.96.0.0|Firefox
706|Hao|Zhang|male|1982-04-03|2011-01-22T07:08:26Z|1.24.0.12|Firefox
31|Marcelo|Silva|male|1982-11-08|2010-12-15T08:52:26Z|192.132.35.23|Firefox
908|Anna|Onopka|female|1985-04-27|2010-03-11T10:10:09Z|46.148.112.17|Chrome
640|Yang|Xu|male|1980-05-28|2010-10-31T07:08:15Z|27.50.40.16|Opera
843|Christopher|Coetzee|male|1988-01-22|2010-03-18T00:19:41Z|41.74.96.17|Firefox
651|Yang|Wang|male|1982-03-23|2010-11-11T01:37:15Z|27.99.128.11|Firefox
439|Akira|Yamamoto|female|1989-05-21|2010-04-09T01:36:31Z|27.131.224.0|Firefox
682|Yang|Hu|male|1989-01-19|2010-03-17T07:42:08Z|1.1.8.11|Firefox
973|Sebastian|Frione|female|1987-10-07|2010-06-22T10:02:22Z|200.0.88.2|Chrome
64|Abraham|Michie|male|1982-03-28|2010-03-28T03:07:52Z|61.4.64.5|Internet Explorer
753|Michael|Yang|male|1988-09-07|2010-05-28T11:03:38Z|1.92.0.8|Chrome
442|Hiroshi|Yamamoto|male|1981-09-21|2011-01-02T01:27:02Z|14.102.192.16|Firefox
266|Deepak|Khan|male|1984-09-01|2010-04-08T11:56:01Z|14.102.0.15|Firefox
417|Luigi|Mangiarotti|male|1988-07-29|2010-07-02T00:43:43Z|31.156.0.11|Firefox
841|Denis|Coetzee|male|1980-09-08|2010-09-27T09:26:03Z|41.194.0.12|Chrome
426|Kenji|Goto|male|1981-09-21|2010-06-19T11:16:06Z|27.111.128.6|Safari
274|Deepak|Nair|male|1989-02-08|2010-02-07T02:27:00Z|101.208.0.4|Internet Explorer
570|Jun|Zhang|female|1983-10-10|2010-04-22T00:25:36Z|1.0.2.15|Safari
289|Joseph|Rao|male|1983-05-26|2011-01-30T02:58:03Z|14.139.0.12|Firefox
191|William|Kapoor|female|1985-05-31|2010-08-07T04:26:02Z|27.248.0.10|Chrome
680|Li|Zhang|female|1982-05-31|2010-04-07T06:07:01Z|1.180.0.1|Firefox
646|Jun|Chen|female|1984-06-14|2011-01-23T08:05:09Z|1.2.2.22|Firefox
788|Wojciech|Zakrzewski|male|1984-07-14|2011-01-22T04:37:32Z|46.231.152.15|Internet Explorer
41|Jose|Da Silva|male|1989-11-19|2010-12-23T07:28:46Z|187.64.0.0|Internet Explorer
155|Christophe|Clerc|male|1987-08-04|2010-07-14T08:00:58Z|31.32.0.8|Chrome
190|Deepak|Singh|male|1985-10-15|2010-12-22T07:16:55Z|27.118.32.14|Internet Explorer
293|Gayatri|Singh|male|1986-01-25|2010-08-21T01:37:39Z|49.136.0.6|Chrome
859|Rafael|Alonso|female|1984-08-02|2010-07-03T05:43:27Z|31.131.176.13|Internet Explorer
963|Larry|Harris|male|1985-05-02|2010-08-12T04:47:31Z|203.187.128.5|Firefox
125|John|Taylor|male|1985-03-16|2010-03-22T05:14:07Z|2.120.0.11|Firefox
856|Antonio|Sánchez|female|1982-10-03|2010-07-14T06:10:59Z|31.24.120.17|Firefox
649|Baby|Li|male|1980-04-01|2010-04-11T04:02:28Z|27.8.0.1|Firefox
913|Ian|Davies|male|1980-04-28|2011-01-24T05:21:38Z|31.12.80.3|Internet Explorer
702|Peng|Wu|female|1984-09-15|2011-01-05T08:09:13Z|14.144.0.10|Firefox
10|Jose|Garcia|female|1989-03-05|2010-09-03T04:46:12Z|190.6.208.4|Firefox
42|Fernanda|Oliveira|male|1983-06-24|2011-01-17T06:46:45Z|198.17.120.19|Internet Explorer
230|V.|Prasad|female|1985-04-01|2010-12-15T02:04:43Z|27.56.0.4|Firefox
477|Fernando|Garcia|male|1986-08-22|2010-11-21T01:02:19Z|148.220.0.4|Chrome
369|Zaenal|Balawan|male|1981-02-06|2010-03-26T08:03:40Z|27.131.0.16|Firefox
781|Richard|Cruz|female|1983-09-08|2010-10-15T05:51:56Z|103.1.116.15|Firefox
334|Arjun|Khan|female|1985-05-02|2010-02-22T07:06:44Z|27.50.4.4|Firefox
823|Mikhail|Ivanov|male|1982-08-25|2010-09-08T03:48:28Z|31.220.160.0|Chrome
773|Antonio|Garcia|male|1984-11-02|2010-02-16T05:34:49Z|112.196.224.1|Chrome
414|Aldo|Bindi|male|1989-06-04|2010-05-03T03:11:45Z|31.177.112.12|Chrome
538|Aamir|Malik|female|1981-01-06|2010-03-19T02:32:54Z|116.0.32.9|Firefox
14|Alejandro|Bernal|female|1981-01-09|2010-05-23T06:41:52Z|186.100.0.15|Firefox
605|Jie|Yang|male|1980-07-02|2011-01-17T01:44:59Z|1.4.5.17|Firefox
580|Lei|Xu|male|1983-06-20|2010-08-25T03:28:50Z|1.1.32.12|Firefox
620|Changpeng|Zhou|female|1984-11-18|2010-03-17T03:50:28Z|1.1.32.5|Internet Explorer
660|Li|Wang|female|1983-07-23|2010-10-30T01:03:54Z|27.144.0.6|Safari
807|Mikhail|Ivanov|male|1986-02-04|2011-01-09T11:43:46Z|31.169.120.7|Internet Explorer
82|Nassour Guelendouksia|Habre|female|1984-01-06|2010-08-10T01:39:51Z|41.74.32.8|Firefox
62|Ana|Araujo|female|1984-03-19|2010-10-07T03:36:56Z|189.32.0.10|Internet Explorer
103|Édouard|Bembo-Leta|female|1988-09-18|2010-12-19T02:05:31Z|41.223.188.16|Chrome
809|Aleksandr|Dobrunov|male|1981-04-11|2010-04-16T11:27:10Z|31.172.192.6|Firefox
281|A. K.|Kumar|female|1988-01-25|2010-07-04T09:49:41Z|61.95.240.19|Firefox
273|R.|Khan|female|1984-09-21|2010-10-15T11:42:54Z|103.1.100.3|Firefox
576|Li|Liu|female|1987-04-01|2010-02-02T09:15:16Z|14.130.0.0|Firefox
964|George|Wilson|female|1982-11-03|2010-02-04T01:44:51Z|24.40.96.13|Chrome
265|Abhishek|Kapoor|male|1981-09-14|2010-08-04T02:39:07Z|27.54.160.15|Internet Explorer
247|Amit|Singh|male|1980-10-15|2010-12-26T06:33:51Z|27.123.216.2|Firefox
737|Yang|Yang|male|1985-06-18|2010-08-18T11:23:48Z|1.184.0.0|Chrome
372|Anastasia|Adianto|female|1980-07-22|2010-02-28T03:11:56Z|27.111.32.6|Firefox
133|Asher|Caveda|female|1987-03-04|2010-10-03T06:11:30Z|213.55.64.0|Internet Explorer
361|Arvind|Rao|male|1988-05-02|2010-04-02T08:42:19Z|58.2.0.13|Firefox
424|Andrea|Donati|female|1987-05-25|2010-07-31T08:25:58Z|46.28.120.18|Internet Explorer
811|Lev|Berman|female|1986-11-29|2010-08-22T01:57:42Z|31.130.120.17|Chrome
482|Alfonso|Garcia|female|1980-05-16|2010-12-05T10:01:21Z|192.100.156.22|Firefox
830|Ivan|Feltsman|female|1983-08-16|2010-07-16T05:48:47Z|31.130.120.18|Chrome
848|Ae-ra|Cho|male|1988-08-31|2010-11-04T02:17:18Z|1.208.0.6|Firefox
76|Francois|Lon|female|1989-04-23|2010-12-25T01:34:25Z|124.248.160.0|Internet Explorer
170|Wolfgang|Wagner|male|1982-03-07|2010-02-08T06:00:18Z|31.184.0.16|Chrome
725|Changpeng|Chen|female|1988-04-08|2010-11-13T00:25:11Z|27.112.80.7|Firefox
456|David Oluoch|Ouma|male|1980-12-07|2010-08-08T01:16:12Z|196.3.58.12|Firefox
794|Antulio|Rodriguez|male|1981-11-17|2010-09-04T07:50:27Z|74.213.64.7|Firefox
516|Javed|Malik|male|1986-03-09|2010-07-16T10:54:50Z|119.63.128.19|Chrome
995|Hussein Badreddin Al-|Cohen-Meguri|male|1985-09-28|2010-03-06T06:48:49Z|109.74.32.7|Internet Explorer
187|Rahul|Sharma|female|1984-03-19|2010-02-28T09:32:32Z|27.118.32.10|Opera
761|Wei|Zhang|female|1985-07-02|2010-07-03T09:22:50Z|1.3.0.9|Internet Explorer
597|Jun|Zhou|female|1983-04-24|2010-04-17T08:33:13Z|27.115.0.14|Internet Explorer
574|Michael|Xu|male|1980-09-14|2010-06-01T11:37:25Z|1.3.0.15|Safari
7|Abdallah|Achiou|male|1987-07-25|2010-06-27T05:27:50Z|41.223.176.1|Firefox
920|Gary|Thompson|female|1982-10-22|2010-11-08T01:49:18Z|199.103.116.9|Firefox
547|Yang|Xu|male|1984-05-04|2010-09-26T10:38:40Z|1.2.32.11|Internet Explorer
160|Rudolf|Fischer|male|1980-10-01|2010-04-02T08:54:35Z|31.172.0.0|Chrome
903|Oleksandr|Foxx|male|1985-01-26|2010-02-14T04:27:27Z|31.12.128.14|Opera
470|Maaouya Oul Sid Ahmed|Abdallahi|male|1984-04-21|2010-12-01T01:28:43Z|41.188.64.10|Chrome
566|Wei|Yang|female|1989-02-09|2010-07-28T04:45:52Z|1.10.32.5|Internet Explorer
551|Cheng|Li|male|1984-03-30|2010-10-04T02:06:20Z|1.4.1.16|Internet Explorer
309|Shweta|Singh|male|1989-09-07|2010-12-16T02:19:25Z|27.123.64.16|Chrome
46|Marcelo|Filho|male|1989-09-29|2010-10-08T06:34:43Z|198.17.232.21|Firefox
756|Jun|Li|female|1983-02-24|2010-07-05T08:07:57Z|27.106.128.9|Internet Explorer
377|Doni Tata|Anwar|male|1985-07-04|2010-08-18T02:44:00Z|110.5.96.18|Internet Explorer
939|Steve|Carter|male|1985-04-28|2010-11-25T05:58:04Z|60.254.128.2|Chrome
283|Abhishek|Kapoor|male|1986-06-14|2010-09-21T09:28:06Z|27.123.64.14|Chrome
885|Anucha|Boy|female|1987-09-29|2010-09-22T05:21:10Z|49.0.64.5|Chrome
206|Karan|Singh|female|1987-05-17|2010-03-11T09:17:09Z|27.0.48.3|Firefox
614|Jun|Zhu|female|1987-03-11|2010-12-28T03:36:15Z|27.121.72.16|Firefox
720|Lin|Li|male|1980-07-06|2010-03-28T07:50:00Z|27.40.0.7|Internet Explorer
199|Karan|Khan|female|1989-11-28|2010-03-25T11:25:40Z|103.1.100.10|Chrome
691|Jie|Zhang|male|1987-07-01|2010-06-29T08:31:58Z|27.128.0.13|Firefox
310|Ashok|Kapoor|male|1984-10-20|2010-09-14T05:13:24Z|27.107.0.15|Firefox
527|John|Qureshi|female|1990-01-17|2010-06-05T01:18:47Z|182.176.0.1|Chrome
601|Lei|Zhang|male|1986-01-04|2010-07-07T11:38:09Z|1.1.2.10|Chrome
356|Meera|Joshi|female|1981-10-30|2010-10-26T00:06:57Z|27.96.84.17|Internet Explorer
501|Behati|Gertze|male|1983-11-25|2010-12-25T11:05:32Z|41.79.52.3|Firefox
403|Javad|Karimi|female|1985-08-23|2010-09-09T10:42:11Z|84.241.0.17|Chrome
840|Charles|Coetzee|male|1982-04-05|2010-06-10T00:19:08Z|41.183.0.7|Chrome
459|Chai|Vatthana|male|1985-09-03|2010-10-01T04:19:24Z|202.136.240.2|Firefox
67|Eric|Wilby|male|1985-08-07|2010-07-02T08:44:56Z|203.81.160.0|Firefox
851|Angie|Kang|male|1988-06-09|2010-02-03T08:38:35Z|27.125.0.14|Firefox
751|Zhi|Chen|male|1981-06-21|2010-12-29T10:43:54Z|1.2.0.18|Firefox
503|Balbhadra|Bombo|female|1989-06-10|2010-04-04T09:54:52Z|49.236.212.14|Firefox
744|Yang|Li|male|1986-01-20|2010-03-20T00:44:40Z|14.16.0.10|Internet Explorer
148|Michel|Adam|male|1980-12-11|2010-12-15T00:59:23Z|46.182.72.5|Firefox
826|Mikhail|Popov|male|1989-02-17|2010-03-25T05:03:15Z|31.28.0.2|Chrome
475|Antonio|Garcia|female|1988-05-26|2010-08-13T03:56:01Z|148.210.0.7|Firefox
208|K.|Khan|female|1982-09-04|2010-10-09T06:15:43Z|27.0.48.16|Internet Explorer
704|Lin|Zhang|male|1983-05-20|2010-09-09T07:13:52Z|14.16.0.11|Firefox
37|Juliana|Oliveira|male|1989-11-22|2010-05-30T10:41:53Z|200.0.60.7|Chrome
677|Yang|Wang|male|1982-03-11|2010-12-25T11:31:52Z|27.54.152.16|Firefox
423|Renato|Bonomi|female|1984-08-19|2010-04-30T03:22:45Z|46.30.248.9|Firefox
298|Rahul|Kumar|female|1985-08-09|2010-12-09T03:14:26Z|103.1.124.3|Firefox
953|Paul|Smith|female|1980-12-21|2010-09-01T11:09:52Z|24.40.192.1|Firefox
373|Andrew|Tobing|male|1988-03-03|2010-09-08T00:57:16Z|110.136.0.10|Chrome
526|Ahsan|Khan|male|1986-09-16|2011-01-25T09:39:34Z|139.190.0.14|Firefox
984|Cam|Loan|female|1983-04-11|2010-09-05T06:10:03Z|116.118.0.2|Chrome
245|Nikhil|Kumar|female|1980-03-04|2010-05-09T05:01:13Z|61.11.64.13|Chrome
990|Chau|Ho|female|1986-07-29|2010-06-22T04:28:51Z|118.68.0.2|Firefox
485|Ramon|Gonzalez|female|1987-08-10|2011-01-01T11:57:47Z|132.248.0.13|Chrome
391|Anang|Anwar|male|1988-03-20|2010-10-02T06:31:06Z|103.3.212.4|Chrome
404|Kamran|Forouhar|female|1983-09-23|2010-11-09T03:24:14Z|31.193.112.12|Internet Explorer
686|Peng|Xu|female|1986-11-24|2010-12-01T01:53:13Z|14.16.0.10|Firefox
312|K.|Sharma|female|1981-09-30|2010-10-15T03:00:43Z|27.112.120.8|Chrome
252|A.|Khan|female|1983-12-09|2010-08-29T04:44:21Z|27.121.100.11|Opera
776|Eduardo|Fernandez|female|1981-06-05|2010-05-31T10:55:21Z|119.42.32.6|Firefox
323|K.|Reddy|female|1987-03-16|2010-07-09T10:02:43Z|14.102.224.12|Firefox
211|Rahul|Reddy|female|1981-04-30|2010-09-07T01:36:59Z|59.164.0.14|Internet Explorer
583|Peng|Li|female|1984-02-24|2010-03-12T02:03:24Z|1.0.32.10|Firefox
866|Tiffany|Grant|female|1989-11-24|2010-05-04T00:26:58Z|196.11.124.6|Firefox
578|Peng|Hu|female|1988-11-24|2010-12-04T10:52:13Z|27.98.208.19|Firefox
339|Rahul|Kapoor|female|1982-12-31|2010-12-21T10:05:54Z|27.113.252.3|Firefox
146|Pierre|Adam|male|1980-03-21|2010-10-13T08:36:35Z|46.19.120.1|Chrome
588|Wei|Yang|female|1987-07-26|2010-12-25T03:33:00Z|14.144.0.1|Internet Explorer
444|Ken|Tanaka|male|1988-10-06|2010-09-09T03:20:09Z|27.113.248.20|Internet Explorer
802|Gabriel|Popescu|female|1989-09-02|2010-09-09T04:50:04Z|46.151.32.8|Chrome
530|Aftab Ahmad|Ahsan|male|1986-07-19|2010-04-03T11:39:41Z|125.209.64.2|Internet Explorer
128|Harry|Williams|male|1984-07-07|2011-01-02T09:28:48Z|31.192.240.14|Firefox
392|Aa Ngurah|Anwar|male|1986-06-20|2010-11-20T10:11:26Z|103.3.76.4|Chrome
883|พงศธร สุภิญโญ|Aguilar|female|1987-04-22|2010-11-21T08:45:12Z|103.246.16.10|Firefox
195|Deepak|Singh|male|1986-08-20|2010-10-10T00:55:51Z|49.128.108.17|Chrome
789|Zbigniew|Kaminski|female|1985-05-26|2010-07-26T01:42:17Z|46.232.128.10|Firefox
985|Binh|Nguyen|male|1985-09-17|2010-10-03T04:15:25Z|120.72.80.9|Firefox
360|Karan|Singh|female|1984-09-18|2010-06-24T00:25:56Z|61.1.0.14|Firefox
58|Jose|Silva|male|1989-04-15|2010-02-15T07:03:00Z|198.17.231.4|Chrome
820|Alexey|Popov|female|1985-02-23|2010-12-22T04:14:51Z|31.133.104.17|Firefox
968|Matt|Smith|male|1981-10-22|2010-12-29T05:32:36Z|8.0.0.0|Firefox
345|Arjun|Chopra|female|1985-08-27|2010-08-22T02:11:40Z|103.1.6.4|Firefox
117|Youssef|Hassan|female|1986-09-06|2010-04-08T01:23:22Z|41.78.148.14|Firefox
236|Abhishek|Kumar|male|1983-09-03|2010-06-23T00:39:48Z|1.22.0.7|Firefox
500|Eliyahu|Arib|male|1988-02-01|2010-11-29T11:52:32Z|41.137.0.5|Internet Explorer
57|Fernanda|Oliveira|male|1986-10-03|2010-03-10T01:42:42Z|200.0.32.4|Chrome
110|Ahmad|Shaban|female|1984-09-21|2010-05-07T10:06:35Z|41.32.0.8|Firefox
272|Rahul|Kumar|female|1985-01-07|2010-11-25T06:59:55Z|61.2.0.12|Chrome
288|John|Bose|male|1984-09-16|2010-07-18T04:46:19Z|61.1.0.8|Firefox
594|Cheng|Zhang|male|1980-09-14|2010-08-20T06:35:03Z|1.4.5.4|Internet Explorer
27|Carlos|Amador|male|1986-09-13|2010-04-02T01:23:31Z|190.211.224.14|Firefox
827|Mikhail|Dobrunov|male|1988-03-21|2010-10-25T09:29:30Z|31.185.0.3|Chrome
386|Aburizal|Balawan|female|1984-01-28|2010-08-23T06:01:06Z|103.10.104.20|Chrome
895|Ahmet|Koksal|female|1981-06-09|2010-02-07T00:25:18Z|89.19.0.15|Firefox
121|James|Smith|male|1985-02-18|2010-07-12T05:13:00Z|204.231.253.10|Internet Explorer
270|C. S.|Singh|female|1987-04-25|2010-07-16T04:38:58Z|1.6.0.11|Internet Explorer
606|Jie|Zhang|male|1982-05-05|2010-07-14T06:29:30Z|1.10.16.7|Internet Explorer
435|Ken|Suzuki|male|1988-02-03|2010-04-25T03:46:31Z|27.122.8.3|Chrome
413|Daniel|Katz|female|1980-09-25|2010-11-11T11:04:55Z|91.199.119.8|Chrome
650|Chen|Li|female|1980-08-10|2010-10-29T08:51:32Z|1.4.8.10|Internet Explorer
592|Wei|Wang|female|1984-07-28|2010-09-08T05:19:40Z|1.1.16.3|Internet Explorer
51|Jose|Oliveira|male|1983-05-03|2010-07-12T04:30:00Z|189.0.0.10|Chrome
615|Lin|Zhang|male|1986-03-13|2010-05-03T00:16:45Z|14.204.0.0|Internet Explorer
69|Fali Sam|Hall|male|1981-02-04|2010-02-27T05:46:30Z|61.4.64.11|Safari
862|Sarath|Jayasinghe|female|1983-10-24|2010-05-01T06:55:18Z|103.1.176.9|Firefox
106|Pope|Akef|female|1985-03-12|2010-12-11T07:21:45Z|80.75.160.16|Firefox
227|Rajiv|Khan|male|1989-06-11|2010-05-05T08:26:15Z|49.156.128.16|Internet Explorer
803|Adrian|Boulanger|female|1983-09-02|2010-10-02T04:02:15Z|31.133.24.11|Internet Explorer
296|Arjun|Rao|female|1984-03-13|2010-12-19T07:56:32Z|61.246.0.10|Firefox
104|Arquimedez|Jeffrey|female|1988-01-29|2010-04-08T00:54:11Z|190.122.112.13|Firefox
561|Wei|Li|female|1987-04-21|2010-09-30T01:06:13Z|14.144.0.8|Chrome
879|Wuttichai|Akkaraseranee|male|1986-10-11|2010-08-09T06:35:03Z|119.160.208.18|Chrome
421|Carlo|Rota|female|1984-05-07|2010-02-20T04:48:12Z|46.231.24.11|Chrome
631|Ge|Yang|female|1982-11-01|2010-06-19T09:40:38Z|1.51.0.12|Opera
460|Renars|Barzdina|female|1983-04-07|2010-02-11T10:34:23Z|85.15.192.7|Internet Explorer
40|Carlos|Pereira|female|1986-03-05|2010-08-13T11:11:22Z|192.190.31.22|Firefox
497|Mohamed|Chihab|female|1986-04-27|2010-06-14T07:59:08Z|196.217.0.14|Firefox
311|Deepak|Singh|male|1980-02-05|2010-11-20T11:55:47Z|61.17.0.10|Chrome
867|Peter|Larsson|female|1983-04-10|2010-06-27T10:36:19Z|62.65.64.5|Firefox
752|Hao|Zhang|male|1983-12-04|2010-07-30T11:21:05Z|1.4.6.19|Firefox
29|Felipe|Oliveira|female|1987-06-20|2010-02-19T06:00:28Z|150.163.0.4|Chrome
165|Hans|Schmidt|male|1981-10-18|2010-05-10T07:03:51Z|204.231.228.15|Firefox
2|Abdul Wahid|Ahmadzai|female|1983-06-10|2010-12-05T06:31:24Z|117.55.192.3|Firefox
367|Ahmad|Budjana|female|1986-03-25|2010-08-20T01:37:22Z|112.109.16.19|Chrome
253|Aditya|Sen|female|1985-12-08|2010-10-12T08:14:09Z|59.144.0.3|Chrome
818|Michael|Berman|female|1984-07-28|2010-06-23T07:55:16Z|31.184.192.7|Firefox
777|John|Gatchalian|male|1981-04-04|2010-06-21T10:24:54Z|113.197.72.20|Chrome
330|K.|Singh|female|1984-04-13|2010-08-04T09:48:51Z|49.236.0.2|Chrome
313|Arjun|Kapoor|female|1985-09-05|2010-09-21T10:26:16Z|59.144.0.6|Chrome
555|Wei|Liu|female|1988-09-14|2011-01-03T02:00:50Z|1.4.5.5|Internet Explorer
161|Karl|Bach|female|1983-02-21|2010-08-04T06:25:21Z|31.25.40.11|Chrome
915|Edward|Brown|female|1984-11-08|2010-09-15T07:54:58Z|31.222.200.2|Firefox
687|Wei|Yang|female|1987-07-24|2010-07-06T09:55:50Z|1.4.64.12|Chrome
243|K.|Singh|female|1983-01-19|2011-01-31T10:06:40Z|27.125.200.9|Safari
301|Abhishek|Chopra|male|1985-02-24|2010-03-18T03:45:27Z|14.194.0.3|Chrome
596|Zhong|Yan|female|1985-06-27|2010-12-13T09:05:20Z|27.103.0.0|Firefox
97|Ales|Herzigová|female|1982-12-20|2010-02-16T10:51:08Z|31.222.0.3|Firefox
292|A.|Khan|female|1989-01-11|2010-05-18T07:24:29Z|27.54.160.15|Firefox
410|Mahmoud|Forouhar|male|1982-04-26|2010-06-18T03:10:23Z|46.245.0.1|Firefox
625|Peng|Yang|female|1980-11-21|2011-01-07T10:40:07Z|1.10.64.11|Firefox
80|George Nganyuo|Bona|male|1988-05-24|2010-03-28T06:11:01Z|196.3.90.1|Internet Explorer
967|John|Wilson|male|1981-03-02|2010-11-22T10:37:45Z|60.254.128.9|Opera
617|Hao|Wu|male|1981-09-09|2010-11-06T11:18:58Z|27.106.128.4|Firefox
19|Robert|Jones|male|1989-01-03|2010-12-20T09:59:20Z|58.110.0.4|Firefox
494|Natalia|Barbu|female|1981-10-08|2010-11-01T11:12:51Z|217.26.160.8|Chrome
870|Moses|Zavqibekov|male|1987-11-26|2010-06-09T07:06:32Z|77.95.0.9|Chrome
787|Tadeusz|Borchardt|male|1983-11-12|2010-05-18T04:34:03Z|31.216.56.9|Chrome
447|Toshio|Yamada|male|1982-12-24|2010-03-17T10:07:01Z|27.136.0.0|Internet Explorer
375|Taufik|Irama|female|1982-02-10|2011-01-31T06:35:44Z|58.147.184.0|Chrome
949|Daniel|Smith|female|1989-07-28|2010-06-13T11:53:32Z|24.52.160.15|Firefox
806|Alexei|Efimkin|female|1986-10-03|2010-04-30T09:25:04Z|31.23.0.1|Internet Explorer
626|Bingbing|Huang|female|1982-11-13|2011-01-25T06:07:30Z|27.115.0.13|Internet Explorer
763|Jun|Li|female|1982-07-25|2010-10-05T11:23:08Z|27.16.0.11|Internet Explorer
222|A.|Singh|female|1987-08-11|2010-03-30T04:03:17Z|27.54.160.15|Internet Explorer
947|Bill|Smith|female|1983-11-27|2010-06-06T10:20:15Z|20.0.0.5|Internet Explorer
581|Michael|Yan|male|1982-02-25|2010-11-25T03:03:29Z|1.51.0.12|Firefox
332|Shweta|Chopra|male|1982-11-05|2010-02-01T00:15:21Z|14.102.224.16|Firefox
25|Philippe|Martens|female|1985-08-31|2010-08-14T00:16:38Z|62.112.0.3|Internet Explorer
152|Louis|David|male|1981-08-31|2010-06-08T08:12:58Z|46.183.224.12|Internet Explorer
673|Hao|Yang|male|1984-03-25|2010-03-10T01:38:23Z|1.8.0.4|Firefox
506|Adriaen|Meijer|female|1987-07-09|2010-10-08T09:32:12Z|192.35.133.2|Chrome
132|Rahamim|Mamo|male|1986-03-01|2010-02-14T07:12:10Z|213.55.64.5|Firefox
637|Hao|Wang|male|1981-01-22|2010-11-26T10:51:39Z|27.16.0.2|Firefox
238|Abhishek|Khan|male|1985-01-28|2010-07-09T00:44:32Z|103.1.196.2|Chrome
115|Ahmed H.|Aziz|male|1981-12-15|2010-03-03T03:56:46Z|196.46.17.2|Firefox
433|Prince|Suzuki|male|1986-05-10|2010-10-08T01:38:43Z|14.102.132.0|Chrome
926|Richard|Smith|male|1983-06-30|2010-05-08T10:05:40Z|18.0.0.2|Internet Explorer
77|Francois|Pran|female|1985-07-18|2010-07-10T04:26:07Z|117.120.24.13|Firefox
317|R.|Sharma|female|1981-06-17|2010-06-29T01:38:10Z|27.116.52.4|Chrome
805|Andrei|Garlitsky|male|1987-09-15|2010-09-26T09:47:22Z|31.162.0.1|Chrome
362|Shweta|Rao|male|1986-07-16|2010-05-04T02:46:46Z|14.194.0.2|Internet Explorer
184|A.|Singh|female|1986-11-09|2011-01-16T01:32:50Z|14.102.160.5|Firefox
519|Javed|Sheikh|male|1982-11-11|2010-09-07T05:11:00Z|115.186.0.6|Chrome
993|Đinh Diễm Liên|Doan|male|1982-09-02|2010-08-12T07:37:29Z|111.65.240.16|Internet Explorer
522|Faisal|Khan|male|1983-08-10|2010-03-19T10:43:02Z|202.147.160.5|Safari
8|Joao|Dinis|female|1982-12-07|2010-03-28T03:09:11Z|196.46.21.14|Chrome
824|Ivan|Basov|female|1982-02-13|2010-10-10T05:33:00Z|31.8.0.5|Chrome
145|Jacques|Breton|female|1981-11-28|2010-08-30T04:19:00Z|62.4.0.6|Firefox
634|Wei|Liu|female|1985-08-07|2010-12-02T00:27:15Z|14.1.0.11|Firefox
994|John|Griffiths|male|1981-10-05|2010-05-16T10:37:52Z|31.193.0.7|Chrome
923|Jerry|Jones|male|1986-07-09|2010-12-04T09:07:13Z|24.49.160.4|Internet Explorer
237|Amit|Khan|male|1982-02-02|2010-08-04T03:24:59Z|27.113.252.18|Firefox
623|Yang|Wei|male|1981-03-17|2010-09-13T10:33:47Z|1.116.0.10|Firefox
223|Rahul|Khan|female|1988-11-01|2010-03-13T01:58:08Z|1.186.0.13|Internet Explorer
284|Abhishek|Singh|male|1983-08-04|2010-05-27T09:28:10Z|49.238.32.6|Firefox
337|Abhishek|Sharma|male|1985-08-11|2010-09-11T08:20:55Z|58.68.0.8|Chrome
931|Larry|Smith|male|1981-07-20|2010-09-08T08:33:52Z|24.30.0.4|Firefox
9|Ernesto|Diaz|male|1984-08-09|2010-06-17T04:13:44Z|181.16.0.17|Firefox
971|George|Davis|female|1988-08-31|2010-04-08T08:40:41Z|24.52.128.11|Firefox
946|David|Moore|female|1984-04-21|2010-03-02T03:35:02Z|24.56.112.13|Firefox
533|Faisal|Ali|male|1987-03-10|2010-03-15T00:36:54Z|175.110.0.0|Firefox
249|Joseph|Sharma|male|1981-01-04|2010-07-10T00:42:29Z|61.246.0.13|Internet Explorer
672|Zhi|Zhang|male|1986-08-04|2010-09-23T10:45:11Z|1.10.8.2|Chrome
783|Eddie|Aquino|female|1980-11-20|2010-04-02T03:04:07Z|101.78.16.5|Firefox
49|Jose|Nascimento|male|1984-06-19|2010-03-04T05:08:00Z|192.188.11.14|Firefox
432|Hiroshi|Suzuki|male|1981-01-14|2010-07-13T08:50:21Z|27.50.96.0|Chrome
815|Alexandre|Popov|male|1989-06-19|2010-12-08T04:28:46Z|31.192.232.16|Firefox
471|Charles-Edouard|Jugnauth|female|1985-09-14|2010-03-08T05:35:59Z|196.2.3.14|Chrome
502|Jharana|Gurung|male|1989-01-05|2010-03-02T11:23:02Z|117.121.224.11|Chrome
452|Alex Obanda|Jasani|female|1988-12-30|2010-05-02T02:01:15Z|41.84.128.14|Firefox
349|Kunal|Singh|male|1980-09-29|2011-01-01T08:51:17Z|49.143.252.16|Firefox
710|Jun|Yang|female|1985-09-17|2010-12-09T06:46:44Z|1.2.64.8|Internet Explorer
608|Jun|Zhang|female|1985-12-04|2010-06-23T10:45:28Z|1.4.1.14|Internet Explorer
902|Hakan|Arikan|male|1988-05-27|2010-02-19T06:16:53Z|46.104.0.9|Internet Explorer
978|Hồ Chí|Nguyen|male|1989-05-13|2010-12-27T03:52:09Z|175.103.64.0|Chrome
342|Rahul|Kapoor|female|1981-05-22|2010-10-04T08:42:29Z|58.2.0.9|Safari
800|Dimitrije|Arnaudova|female|1989-07-29|2010-02-10T08:51:57Z|91.212.122.14|Chrome
905|Alexander|Foxx|male|1983-03-11|2010-09-14T11:23:02Z|46.160.64.17|Firefox
407|Hamid|Hosseini|female|1989-08-15|2010-02-24T03:48:07Z|31.25.232.0|Chrome
126|Jack|Johnson|male|1982-04-15|2010-05-12T09:26:44Z|46.16.0.6|Safari
271|Deepak|Kumar|male|1984-03-28|2011-01-20T03:51:03Z|27.131.208.18|Firefox
604|Cheng|Yang|male|1985-11-15|2010-10-23T07:34:53Z|27.98.208.16|Internet Explorer
364|A.|Agri|female|1984-03-18|2010-05-28T03:01:32Z|101.50.16.4|Firefox
130|Aleksander|Lepland|male|1982-02-27|2010-06-14T06:41:50Z|193.28.254.16|Firefox
18|John|Burns|male|1985-01-05|2010-11-06T02:12:20Z|14.2.0.13|Internet Explorer
831|Paul|Kagame|female|1983-10-16|2010-11-12T11:52:27Z|41.216.96.16|Chrome
286|Amit|Rao|male|1980-03-06|2011-01-14T08:13:17Z|27.54.144.7|Chrome
183|Karan|Kapoor|female|1986-08-12|2010-10-15T10:21:03Z|49.143.252.1|Firefox
32|Rodrigo|Pereira|male|1987-05-14|2010-10-06T03:33:23Z|150.161.0.6|Firefox
754|Jun|Zhang|female|1989-06-24|2010-03-21T07:08:31Z|1.1.2.3|Internet Explorer
771|Maricar|Garcia|female|1985-04-07|2010-07-18T07:18:50Z|117.104.240.14|Chrome
261|Priyanka|Sen|female|1988-08-10|2011-01-06T06:13:42Z|27.116.52.21|Internet Explorer
641|Michael|Hu|male|1982-04-02|2010-07-02T03:45:40Z|1.2.4.3|Internet Explorer
698|Peng|Xu|female|1981-09-05|2010-07-06T02:58:37Z|27.152.0.0|Safari
233|Javed|Singh|male|1987-09-22|2010-10-07T04:31:19Z|49.143.252.19|Safari
379|Ahmad|Gallagher|female|1982-02-22|2010-08-13T04:13:29Z|58.65.240.10|Internet Explorer
282|John|Narayan|male|1982-07-26|2010-04-29T09:12:22Z|61.0.0.10|Firefox
196|A.|Irani|female|1985-04-05|2011-01-17T02:46:19Z|59.96.0.13|Internet Explorer
242|John|Reddy|male|1984-01-31|2010-08-31T09:57:34Z|61.95.240.5|Firefox
255|Arjun|Sharma|female|1987-04-19|2010-02-26T04:19:54Z|27.4.0.7|Internet Explorer
933|David|Smith|female|1989-02-17|2010-07-13T06:04:24Z|20.0.0.0|Internet Explorer
441|Kiyoshi|Matsudaira|female|1982-11-27|2010-04-25T03:05:15Z|27.121.128.10|Firefox
390|Muhammad|Budjana|male|1982-10-09|2010-10-31T01:18:57Z|42.62.176.12|Firefox
469|Michael|Gonzi|female|1985-06-14|2010-06-11T11:40:53Z|194.158.32.18|Firefox
670|Jun|Chen|female|1982-07-26|2010-03-28T02:56:20Z|1.10.11.6|Firefox
880|Chutima|Charoenpura|female|1987-04-14|2010-02-14T03:00:41Z|14.128.8.14|Internet Explorer
226|Vinod|Singh|male|1986-12-15|2010-09-17T03:33:52Z|14.140.0.8|Firefox
437|Kaoru|Yamada|female|1981-06-26|2010-12-23T04:50:56Z|27.112.104.5|Firefox
181|Rahul|Kapoor|female|1982-03-09|2010-02-17T07:15:19Z|59.144.0.2|Chrome
925|Bob|Johnson|male|1988-02-23|2011-01-15T05:33:20Z|24.40.96.4|Chrome
376|Zaenal|Anwar|male|1988-11-29|2010-03-08T04:30:32Z|111.92.160.1|Chrome
523|Javed|Ahmad|male|1980-11-02|2010-03-27T09:46:06Z|202.61.123.12|Chrome
162|Rudolf|Schmidt|male|1981-02-17|2010-08-29T01:29:46Z|46.28.112.6|Chrome
316|Sanjay|Khan|male|1989-12-07|2010-08-05T05:22:03Z|59.164.0.11|Chrome
454|Adam|Jasani|female|1984-01-05|2011-01-18T00:52:43Z|193.109.66.21|Internet Explorer
645|Chengdong|Zhang|male|1981-01-20|2011-01-08T05:43:03Z|27.34.232.6|Chrome
577|Lei|Li|male|1986-11-01|2010-10-04T07:55:52Z|14.192.76.2|Internet Explorer
92|Carlos|Rojas|male|1983-02-01|2011-01-09T11:37:29Z|190.15.0.16|Firefox
962|James|Davis|male|1980-04-29|2010-10-20T00:55:33Z|6.0.0.3|Chrome
653|Yang|Zhao|male|1989-09-18|2010-11-12T08:35:53Z|1.12.0.3|Chrome
304|A.|Sharma|female|1980-07-15|2010-12-06T05:17:15Z|49.236.0.11|Chrome
358|A.|Singh|female|1986-01-22|2010-08-16T06:12:30Z|27.34.240.10|Firefox
259|John|Reddy|male|1987-05-05|2011-01-29T02:56:19Z|27.248.0.4|Chrome
267|Abhishek|Sharma|male|1987-06-24|2010-12-22T10:03:04Z|103.1.80.6|Firefox
244|Aditya|Singh|female|1981-11-19|2010-05-31T01:24:30Z|59.88.0.7|Firefox
448|Bin Ali|Abdullah|male|1980-10-06|2010-08-22T09:09:32Z|92.62.112.15|Firefox
368|Agustiar|Budjana|male|1989-01-10|2010-04-18T05:53:21Z|49.128.176.8|Internet Explorer
543|Zheng|Li|female|1982-03-12|2010-03-26T04:30:09Z|1.1.32.14|Chrome
256|Amit|Rao|male|1981-03-05|2010-09-30T10:45:36Z|14.1.96.0|Firefox
589|Jun|Wang|female|1984-04-20|2010-05-13T09:27:27Z|1.1.2.15|Firefox
171|Giannis|Antoniou|female|1988-12-26|2010-09-03T00:04:00Z|79.166.0.4|Chrome
676|Jie|Zhang|male|1988-12-07|2011-01-28T10:16:26Z|1.2.0.17|Opera
821|Alexander|Popov|male|1980-04-20|2010-08-08T02:54:53Z|31.28.192.15|Chrome
966|David|Miller|female|1980-05-02|2010-08-17T07:01:13Z|24.35.0.4|Chrome
47|Mariana|Machado|female|1985-03-29|2010-07-19T11:54:46Z|192.160.188.8|Chrome
474|Antonio|Bravo|female|1982-05-12|2011-01-03T07:32:18Z|189.205.0.0|Firefox
509|Michael|Wilson|male|1981-11-01|2010-03-22T03:48:46Z|49.50.224.9|Firefox
857|Juan|Perez|male|1986-11-05|2011-01-28T01:17:22Z|46.231.0.11|Safari
769|Francisco|Ojeda|male|1980-07-17|2010-09-14T07:42:02Z|200.16.0.16|Chrome
84|Rodrigo|Rodriguez|female|1989-04-02|2010-10-22T10:28:53Z|190.14.48.10|Firefox
599|Peng|Li|female|1984-12-11|2010-09-04T04:17:40Z|14.1.0.16|Internet Explorer
890|Burak|Simsek|male|1985-09-07|2010-02-25T09:26:29Z|31.200.0.9|Chrome
15|Sebastian|Diaz|male|1986-11-01|2010-07-14T08:22:18Z|186.96.192.8|Firefox
151|Henri|Blanc|male|1987-07-05|2010-03-26T07:13:10Z|46.22.80.0|Firefox
290|Rajiv|Khan|male|1985-03-23|2010-10-16T02:49:13Z|61.11.32.0|Internet Explorer
508|Annemarie|Bos|female|1985-01-21|2010-07-30T07:41:21Z|192.58.226.3|Chrome
350|Nikhil|Reddy|female|1981-02-24|2010-09-23T04:47:36Z|103.1.128.10|Firefox
26|Guido|Baldivieso|female|1985-06-13|2010-04-01T01:26:00Z|200.90.144.10|Chrome
904|Edward|Eduard|male|1990-01-17|2010-06-04T10:49:03Z|31.6.96.14|Chrome
87|Jaime|Araujo Castro|male|1983-05-21|2010-10-05T05:29:02Z|186.80.0.10|Internet Explorer
810|Ivan|Popov|female|1981-05-08|2010-03-01T09:32:50Z|31.10.0.13|Chrome
111|Adel|Ali|male|1988-01-09|2010-11-04T08:12:14Z|41.187.0.8|Chrome
912|Joseph|Thompson|female|1989-11-27|2010-11-24T08:36:11Z|31.169.96.7|Internet Explorer
70|John|Brown|male|1984-04-18|2011-01-31T01:05:45Z|63.243.128.3|Firefox
689|Chen|Wu|female|1983-12-20|2010-07-09T06:59:56Z|27.40.0.4|Internet Explorer
467|Abby|Avi|male|1987-10-23|2010-02-04T03:33:59Z|27.146.0.1|Firefox
748|Peng|Zhang|female|1981-03-29|2010-07-09T08:03:28Z|1.0.8.18|Internet Explorer
172|Christos|Margaritoglou|male|1984-11-10|2010-12-22T07:41:56Z|62.74.0.11|Firefox
462|Abdul|Abdul-Rahman|female|1989-12-17|2010-02-03T04:02:16Z|62.240.32.15|Chrome
499|Asher|Peretz|male|1981-12-08|2010-12-31T08:33:33Z|41.216.224.13|Firefox
20|Franz|Korner|male|1983-11-24|2010-08-10T03:38:38Z|62.93.64.0|Chrome
593|Chen|Wang|female|1982-03-05|2010-12-07T03:00:47Z|1.2.8.10|Internet Explorer
443|Masao|Kato|female|1988-06-18|2010-04-22T11:17:16Z|27.126.128.12|Internet Explorer
24|Jurgen|Martens|female|1986-01-19|2010-06-04T10:16:53Z|85.10.64.16|Internet Explorer
954|Gary|Jones|male|1986-11-07|2010-08-24T01:59:17Z|24.52.64.16|Firefox
779|Aurora|Garcia|female|1982-04-19|2010-05-30T11:52:48Z|123.136.72.0|Chrome
657|Chong|Wei|male|1987-05-14|2010-08-07T04:19:04Z|1.4.6.18|Internet Explorer
200|R.|Chopra|female|1986-09-01|2010-12-25T02:48:36Z|27.50.4.3|Firefox
747|Wei|Zhou|female|1980-11-26|2010-10-08T00:38:19Z|1.0.1.7|Chrome
871|Andrew|Baldini|female|1982-03-24|2010-05-11T04:43:55Z|41.220.128.4|Internet Explorer
74|Richard|Campbell|female|1987-06-20|2010-09-13T07:36:20Z|24.246.64.2|Opera
801|George|Ilie|male|1986-04-26|2010-04-27T05:05:52Z|31.132.240.15|Internet Explorer
989|Batong|Nguyen|female|1984-06-28|2010-05-22T10:58:16Z|122.201.8.13|Chrome
681|Yang|Chen|male|1989-10-24|2010-05-17T06:00:05Z|14.112.0.7|Firefox
584|Michael|Li|male|1987-12-18|2010-12-05T00:12:29Z|1.10.12.18|Chrome
329|Vinod|Singh|male|1986-04-07|2010-04-02T08:44:35Z|27.109.0.12|Chrome
812|Alexander|Petrov|male|1983-04-16|2010-04-27T10:35:41Z|31.204.0.8|Chrome
956|Paul|Anderson|female|1984-11-18|2010-12-03T03:11:43Z|60.254.128.6|Internet Explorer
804|Boris|Basov|female|1981-12-03|2010-11-03T04:24:25Z|2.92.0.7|Safari
205|Rahul|Kumar|female|1988-08-25|2010-09-04T00:22:42Z|14.139.0.8|Firefox
277|Amit|Sharma|male|1987-04-28|2010-04-26T02:34:28Z|27.4.0.10|Chrome
562|Yang|Zhao|male|1980-11-28|2010-10-09T08:44:00Z|27.54.152.5|Chrome
411|Hamid|Hosseini|female|1989-12-07|2010-11-02T07:34:24Z|78.154.32.17|Chrome
705|Lei|Zhang|male|1985-07-23|2010-04-06T04:43:29Z|27.113.128.6|Firefox
138|Mazor|Caveda|female|1984-03-23|2010-02-20T09:47:25Z|213.55.64.0|Internet Explorer
974|Carolina|Delfino|male|1981-12-28|2011-01-20T01:06:04Z|200.35.224.10|Firefox
120|Adonai|Gonzalez|female|1984-09-30|2010-12-31T11:39:46Z|190.151.176.8|Chrome
950|George|Jones|female|1985-10-08|2010-03-15T11:16:35Z|4.0.0.3|Chrome
228|Shweta|Kumar|male|1986-01-27|2010-07-27T03:10:47Z|61.2.0.9|Internet Explorer
791|Jan|Ciesla|female|1986-12-20|2010-08-03T06:57:20Z|31.178.0.7|Chrome
363|Abdul Haris|Gallagher|female|1987-06-02|2010-06-07T06:34:21Z|103.246.107.21|Internet Explorer
612|Jun|Zhu|female|1989-11-05|2010-10-16T11:41:23Z|27.98.208.12|Firefox
385|Anastasia|Mohede|female|1986-09-27|2010-04-09T02:10:57Z|36.37.64.7|Firefox
382|A.|Gallagher|female|1986-07-12|2010-02-27T01:37:02Z|103.10.110.21|Firefox
268|Shweta|Sharma|male|1989-02-20|2011-01-19T03:14:09Z|49.32.0.2|Chrome
380|Aa Ngurah|Lesmana|male|1988-06-27|2010-07-26T06:51:34Z|103.22.248.12|Firefox
54|Rogerio|Filho|male|1982-03-20|2010-07-07T07:12:16Z|200.0.72.6|Internet Explorer
127|Thomas|Williams|male|1987-02-10|2010-04-15T04:03:12Z|25.0.0.6|Chrome
741|Jie|Wang|male|1987-08-30|2011-01-15T05:53:42Z|27.106.128.16|Chrome
425|Ken|Yamada|male|1984-09-12|2010-11-07T08:29:26Z|14.101.0.4|Internet Explorer
865|Bandula|Ekan|male|1986-01-02|2011-01-03T04:35:43Z|202.69.192.14|Internet Explorer
478|Francisco|Mendez|male|1985-07-31|2010-10-17T06:22:39Z|189.160.0.8|Chrome
839|Denis|Dube|male|1983-04-21|2010-08-12T11:21:48Z|41.193.0.7|Chrome
381|Muhammad|Agri|male|1989-11-22|2010-09-13T04:14:44Z|27.121.80.7|Internet Explorer
246|R.|Chopra|female|1989-03-23|2010-03-20T03:48:18Z|61.95.240.12|Internet Explorer
639|Lei|Li|male|1986-12-29|2010-08-20T09:15:12Z|1.192.0.8|Chrome
918|Hugh|Evans|male|1987-02-02|2010-04-01T11:41:54Z|31.205.0.14|Chrome
749|Ning|Wang|female|1988-06-25|2010-06-21T05:20:32Z|27.36.0.12|Chrome
85|Adolfo|Parra|female|1980-07-18|2010-06-24T06:20:14Z|190.14.48.3|Firefox
701|Hao|Li|male|1986-01-23|2010-07-26T02:22:42Z|1.8.0.9|Internet Explorer
695|Yang|Wei|male|1986-01-26|2010-11-18T06:31:00Z|1.48.0.11|Firefox
678|Hao|Zhang|male|1983-02-16|2010-10-06T03:52:16Z|14.130.0.12|Internet Explorer
922|Mary|Davies|female|1989-12-09|2010-05-23T03:51:11Z|31.170.120.9|Firefox
846|Choi|Choi|female|1984-09-09|2011-01-27T09:39:22Z|58.148.0.7|Chrome
730|Lin|Li|male|1982-04-21|2011-01-23T04:47:31Z|1.10.16.13|Firefox
194|Karan|Khan|female|1988-02-12|2010-12-21T05:56:46Z|27.125.200.5|Firefox
782|Jaime|Garcia|female|1983-10-07|2010-03-10T04:49:37Z|49.157.0.11|Firefox
607|Hao|Yang|male|1984-10-26|2010-03-24T00:17:08Z|1.94.0.12|Internet Explorer
742|Jie|Zhu|male|1987-01-24|2010-11-29T00:39:39Z|1.188.0.5|Firefox
552|Peng|Zhao|female|1986-10-09|2010-09-30T11:32:04Z|27.112.0.14|Firefox
586|Jun|Chen|female|1987-07-04|2010-04-06T03:34:55Z|14.130.0.10|Chrome
322|K.|Singh|female|1981-08-29|2011-01-12T00:11:15Z|14.1.96.3|Firefox
944|David|Smith|female|1987-04-01|2010-07-31T02:50:59Z|24.60.0.3|Firefox
727|Dan|Yang|male|1984-12-27|2010-11-15T10:14:00Z|1.4.16.3|Internet Explorer
60|Marcelo|Santos|male|1986-07-17|2010-07-28T00:26:25Z|198.49.132.9|Firefox
218|R.|Sharma|female|1981-07-06|2010-06-21T10:04:37Z|61.95.240.15|Internet Explorer
755|Wei|Xu|female|1986-03-22|2010-05-04T04:45:06Z|1.48.0.8|Opera
241|Rahul|Singh|female|1985-11-23|2010-03-23T02:19:09Z|49.156.64.7|Firefox
636|Yang|Chen|male|1988-07-02|2010-08-20T05:28:08Z|1.10.64.6|Firefox
112|Ahmed|Aziz|male|1982-11-20|2010-07-11T07:58:31Z|196.201.240.2|Chrome
34|Paulo|Oliveira|female|1986-03-30|2010-08-13T06:21:53Z|192.146.157.10|Internet Explorer
307|Arjun|Kapoor|female|1982-11-06|2010-02-28T11:39:46Z|27.50.4.11|Firefox
549|Peng|Liu|female|1982-10-27|2011-01-28T00:22:58Z|1.10.11.20|Internet Explorer
107|Youssef|Hassan|female|1983-06-02|2010-06-25T11:06:25Z|196.202.0.3|Chrome
719|Lin|Li|male|1982-08-17|2010-10-19T02:47:21Z|14.204.0.0|Chrome
217|K.|Ghosh|female|1986-11-16|2010-04-19T06:38:56Z|49.156.64.13|Chrome
799|Tommy|Kelly|female|1989-05-26|2010-10-13T05:44:31Z|88.151.80.2|Internet Explorer
868|Louis|Frei|female|1983-12-30|2011-01-20T02:32:42Z|31.177.96.5|Chrome
251|Ashok|Khan|male|1980-06-29|2010-10-23T07:40:39Z|49.236.0.16|Chrome
215|A.|Khan|female|1980-05-01|2010-10-23T09:34:08Z|59.164.0.3|Firefox
479|Alberto|Herrera|female|1985-12-27|2010-09-11T08:30:13Z|189.214.0.9|Firefox
95|Jose|Estefan|female|1983-07-04|2010-03-14T07:40:11Z|200.0.16.2|Chrome
457|Adam|Denning|female|1984-03-07|2010-06-30T06:40:59Z|196.43.202.2|Chrome
874|Marin|Kibona|female|1983-04-14|2010-07-17T06:52:33Z|41.222.56.0|Chrome
969|Michael|Smith|female|1984-02-22|2010-10-08T00:36:25Z|24.40.96.5|Chrome
192|Abhishek|Khan|male|1981-12-04|2010-07-13T10:13:29Z|59.96.0.0|Firefox
154|Jean-Pierre|David|male|1986-05-22|2010-09-30T02:32:17Z|46.254.224.9|Firefox
23|Evgeny|Boginskaya|female|1984-01-23|2010-03-23T08:27:36Z|77.74.32.13|Internet Explorer
595|Chen|Zhang|female|1986-09-24|2010-09-14T00:30:31Z|1.12.0.8|Opera
134|Abraham|Caveda|male|1981-01-28|2010-05-25T00:03:37Z|213.55.64.14|Internet Explorer
907|Andriy|Shevchenko|male|1982-02-20|2010-08-11T10:04:24Z|46.39.64.10|Internet Explorer
924|Tom|Johnson|male|1985-11-23|2011-01-29T00:28:48Z|6.0.0.2|Internet Explorer
528|Mirza Kalich|Malik|male|1988-11-30|2010-07-30T11:28:30Z|110.232.188.6|Internet Explorer
378|Ahmad|Irama|female|1984-11-01|2010-04-24T00:51:24Z|103.2.144.5|Internet Explorer
315|Rakesh|Singh|female|1984-04-30|2010-11-11T00:21:46Z|61.17.0.5|Chrome
832|George|Campbell|male|1987-11-30|2010-12-15T10:39:14Z|199.103.86.22|Chrome
723|Ben|Zhang|male|1980-04-05|2010-04-07T11:47:18Z|27.152.0.0|Firefox
481|Alejandro|Cardenas|male|1987-10-31|2010-07-16T07:15:03Z|132.247.0.10|Firefox
365|Alexander|Anwar|female|1980-11-18|2010-08-13T04:12:06Z|103.4.52.6|Chrome
440|Prince|Ito|male|1982-02-23|2010-07-17T08:54:56Z|27.122.96.0|Firefox
461|Bai T.|Bhattal|female|1986-06-14|2010-12-11T01:02:39Z|41.86.0.11|Chrome
855|Francisco|Garcia|female|1985-01-27|2010-12-06T02:43:44Z|31.24.40.19|Chrome
188|A.|Chatterjee|female|1986-06-18|2010-02-28T04:37:42Z|27.121.100.12|Internet Explorer
343|Joseph|Khan|male|1987-07-24|2011-01-22T11:12:43Z|27.113.252.11|Internet Explorer
352|Arjun|Sharma|female|1985-05-20|2010-03-04T01:38:38Z|59.144.0.8|Internet Explorer
652|Ge|Wei|female|1989-09-22|2010-08-25T00:47:40Z|1.50.0.15|Chrome
768|Abimael|Garcia|female|1988-11-23|2010-02-19T00:07:05Z|190.8.128.13|Internet Explorer
198|Aditya|Singh|female|1984-10-26|2010-08-07T03:54:30Z|101.0.32.11|Firefox
144|Jean-Pierre|David|male|1980-12-29|2010-06-25T01:23:41Z|46.31.40.1|Chrome
906|Alexander|Eduard|male|1983-09-13|2010-08-31T06:42:29Z|31.41.72.5|Safari
418|Mario|Donati|female|1988-07-20|2010-05-28T05:35:42Z|31.44.160.1|Internet Explorer
872|John|Baldini|female|1982-07-27|2010-03-28T03:22:27Z|41.220.128.1|Firefox
0|Abdul Hay|Jahani|female|1986-08-22|2010-08-10T00:03:23Z|117.55.192.14|Chrome
63|Borislav|Kolev|male|1984-05-12|2010-12-06T11:32:18Z|83.228.0.3|Internet Explorer
813|Anna|Popov|male|1981-10-17|2010-07-27T10:46:49Z|31.24.24.20|Firefox
664|Lei|Wang|male|1980-07-12|2010-02-16T08:56:59Z|1.56.0.2|Internet Explorer
642|Li|Yang|female|1982-03-29|2010-11-23T03:16:40Z|1.10.64.1|Firefox
492|Irina|Goncearov|male|1982-04-01|2010-12-03T10:11:12Z|193.16.111.18|Firefox
836|Peter|Velits|male|1988-03-21|2010-02-12T01:34:47Z|46.231.96.12|Internet Explorer
108|Mohamed|Mahmoud|female|1985-07-23|2011-01-11T00:46:53Z|194.79.96.16|Safari
321|Meera|Khan|female|1980-08-13|2010-12-13T02:04:09Z|1.187.0.8|Internet Explorer
798|Angus|Yang|female|1983-06-04|2010-03-12T03:49:33Z|101.3.0.2|Chrome
740|Bing|Zhang|male|1989-04-30|2011-01-27T08:32:37Z|1.4.2.22|Firefox
582|Baby|Hu|male|1984-08-28|2010-10-04T10:53:24Z|1.0.32.8|Firefox
484|Manuel|Rodriguez|male|1983-11-21|2010-04-24T05:48:44Z|168.165.0.12|Firefox
320|K.|Singh|female|1987-03-22|2010-11-27T03:45:14Z|27.121.100.15|Firefox
291|George|Singh|female|1984-08-24|2010-07-12T07:11:34Z|60.243.0.10|Safari
515|Said Suwailim|Fisher|female|1985-06-27|2010-07-09T02:05:15Z|188.135.0.1|Chrome
573|Lei|Lu|male|1985-03-03|2010-03-05T10:00:04Z|1.10.11.18|Firefox
845|Angie|Cho|male|1989-10-15|2010-06-29T05:29:05Z|59.151.192.5|Internet Explorer
817|Albert|Basov|male|1982-06-27|2010-09-21T08:28:09Z|31.186.64.3|Firefox
355|Rahul|Kumar|female|1983-12-09|2011-01-28T06:10:44Z|27.54.160.18|Internet Explorer
214|Shweta|Chopra|male|1989-04-07|2010-08-30T00:19:51Z|49.143.252.2|Firefox
359|Rahul|Kumar|female|1981-05-18|2010-04-04T01:11:24Z|61.17.128.5|Firefox
119|Ismail|Mahfouz|female|1984-12-14|2010-10-31T09:02:23Z|41.191.80.4|Chrome
700|Peng|Wang|female|1989-11-16|2010-07-23T10:32:57Z|1.92.0.4|Safari
141|Luciano|Caveda|male|1987-09-11|2010-10-30T02:47:15Z|213.55.64.5|Firefox
961|Bob|Williams|male|1980-03-31|2010-11-08T00:12:48Z|203.187.128.5|Chrome
306|Shweta|Kumar|male|1988-04-07|2010-07-11T08:54:04Z|59.164.0.13|Chrome
389|Aa Ngurah|Budjana|male|1987-04-13|2010-05-03T11:48:03Z|103.3.68.15|Internet Explorer
975|Daniel|Delfino|male|1982-09-18|2010-03-25T07:44:01Z|200.1.4.18|Firefox
209|Karan|Khan|female|1989-01-05|2010-11-05T04:37:18Z|59.176.0.9|Firefox
655|Chen|Liu|female|1989-09-19|2010-04-16T02:27:46Z|1.4.64.4|Firefox
100|Barbara Kanam|Bembo-Leta|female|1981-01-16|2010-11-26T10:57:31Z|197.255.176.3|Internet Explorer
611|Ai|Hu|male|1984-09-17|2010-11-03T10:40:05Z|1.188.0.13|Internet Explorer
722|Anson|Chen|female|1987-01-25|2011-01-21T04:12:16Z|14.0.0.12|Safari
697|Zhang|Liu|male|1980-04-15|2010-07-28T06:38:39Z|27.152.0.0|Chrome
864|Sarath|Fernando|female|1986-05-03|2011-01-27T11:41:42Z|101.2.176.4|Firefox
854|Pablo|Bravo|male|1981-10-21|2010-08-22T06:38:03Z|46.31.56.1|Opera
68|Chris|Wilby|male|1983-11-06|2010-09-19T06:42:13Z|122.248.96.9|Internet Explorer
734|Li|Xu|female|1989-12-01|2010-08-18T03:11:42Z|1.4.4.4|Opera
164|Horst|Bach|female|1986-09-15|2010-09-30T09:56:12Z|31.24.144.14|Internet Explorer
472|Alejandro|Meza|male|1987-08-17|2010-08-05T05:32:54Z|148.247.0.6|Opera
916|Edward|Jones|female|1985-06-10|2010-04-30T09:57:45Z|31.22.0.8|Chrome
600|Bingbing|Liu|female|1982-07-29|2010-04-23T07:56:47Z|1.2.2.6|Firefox
468|Mohamed|Wong|male|1980-06-29|2010-03-10T09:32:22Z|113.212.108.16|Firefox
328|Shweta|Rao|male|1985-11-08|2010-02-11T08:00:00Z|103.1.112.19|Chrome
89|Andrea|Rodriguez|male|1984-09-28|2010-12-29T06:25:16Z|190.65.0.6|Internet Explorer
465|Mohamed|Lee|male|1980-08-05|2010-03-16T04:29:06Z|119.40.112.10|Internet Explorer
869|Moses|Amonqulova|male|1982-10-01|2010-05-01T11:24:12Z|77.95.0.1|Internet Explorer
541|Chen|Wang|female|1982-02-14|2010-10-09T11:50:24Z|1.0.32.18|Chrome
638|Li|Li|female|1982-08-25|2010-06-24T00:05:24Z|14.204.0.13|Internet Explorer
957|Robert|Johnson|male|1981-05-14|2010-03-24T00:57:05Z|24.53.64.3|Chrome
116|Adel|Ali|male|1981-04-01|2010-07-02T11:54:43Z|194.79.96.8|Chrome
493|Andrei|Patras|male|1980-10-22|2010-12-14T02:58:15Z|79.140.160.1|Internet Explorer
981|Batong|Loan|female|1986-10-10|2010-12-23T10:13:57Z|101.53.0.0|Chrome
774|Cesar|Aquino|male|1980-12-24|2010-11-18T06:09:05Z|112.199.0.5|Firefox
248|John|Sen|male|1985-06-17|2010-06-22T09:33:23Z|14.139.0.13|Chrome
30|Rafael|Alves|male|1986-09-06|2010-09-11T09:35:00Z|164.85.0.0|Firefox
264|Shweta|Sharma|male|1988-02-03|2010-03-13T11:45:39Z|27.116.52.6|Chrome
692|Chen|Zhang|female|1987-04-23|2010-07-28T03:33:08Z|14.104.0.5|Internet Explorer
455|Arap|Ouma|female|1989-09-25|2010-11-13T06:36:36Z|41.220.112.0|Firefox
450|Aleksandr|Bauder|male|1986-06-26|2010-09-24T00:15:12Z|85.29.128.2|Safari
558|Peng|Liu|female|1982-10-25|2010-08-10T07:28:00Z|27.40.0.12|Firefox
554|Peng|Wu|female|1985-07-12|2010-03-13T03:14:41Z|1.0.32.9|Internet Explorer
972|John|Harris|male|1980-02-21|2010-06-03T01:03:55Z|24.31.64.8|Firefox
590|Boran|Liu|male|1981-10-28|2010-07-26T01:41:57Z|1.4.16.6|Firefox
397|Bibit|Adianto|female|1989-06-01|2010-03-28T10:10:10Z|103.22.136.9|Chrome
61|Rogerio|Souza|male|1987-06-11|2010-05-26T06:35:28Z|200.0.69.14|Internet Explorer
539|Clinton|Cobham|male|1984-03-16|2010-09-22T10:31:47Z|200.74.240.16|Internet Explorer
338|Arun|Bose|female|1985-01-05|2010-04-19T05:08:52Z|58.2.0.14|Firefox
553|Benedict|Zhu|female|1988-12-11|2010-09-30T03:20:38Z|1.10.0.18|Firefox
147|Jean|Clerc|male|1986-12-10|2010-02-27T02:42:39Z|46.252.176.11|Safari
81|Bernard|Bikey|male|1987-02-16|2010-06-05T00:41:50Z|41.92.128.5|Firefox
665|Chengying|Li|female|1982-04-11|2010-07-12T06:56:19Z|1.94.0.11|Firefox
999|Jimmy|Dogg|female|1983-05-08|2011-01-30T05:43:36Z|41.216.64.9|Firefox
624|Ge|Li|female|1986-08-06|2010-05-11T06:51:08Z|1.94.0.6|Firefox
721|Jun|Zhang|female|1983-01-31|2010-10-10T00:17:24Z|1.4.16.6|Firefox
240|Aditya|Khan|female|1983-05-13|2010-05-08T08:08:18Z|27.96.84.3|Firefox
174|Teresa|Chan|male|1984-02-24|2011-01-31T00:10:08Z|14.0.128.15|Firefox
894|Zeki|Aksu|female|1984-06-04|2010-07-30T09:35:17Z|89.106.0.14|Internet Explorer
202|Rahul|Khan|female|1983-04-26|2010-07-13T11:14:59Z|14.96.0.2|Firefox
428|Akira|Ito|female|1989-09-16|2010-08-12T05:00:10Z|27.114.0.11|Firefox
488|Alfonso|Gonzalez|female|1984-03-29|2010-03-18T11:31:05Z|132.247.0.2|Firefox
822|Aleksandr|Ivanov|male|1982-04-05|2010-04-10T11:51:53Z|31.13.176.4|Firefox
351|Kunal|Kapoor|male|1985-01-30|2010-04-30T03:23:06Z|27.97.0.8|Firefox
955|Michael|Johnson|female|1989-04-29|2011-01-29T04:30:40Z|24.40.192.12|Chrome
507|Alfred|Wiel|male|1985-11-26|2010-02-03T10:58:33Z|46.183.248.8|Safari
792|Jozef|Borchardt|female|1987-03-02|2011-01-28T11:33:32Z|46.36.224.15|Internet Explorer
656|Jie|Li|male|1986-02-27|2010-04-26T03:04:16Z|1.4.8.10|Firefox
207|Arun|Rao|female|1981-09-17|2010-12-07T09:43:48Z|61.1.0.10|Firefox
305|A.|Kapoor|female|1989-07-12|2010-04-11T01:51:38Z|27.0.48.17|Firefox
354|Shweta|Sharma|male|1987-02-06|2010-04-24T07:40:59Z|61.11.64.3|Chrome
784|Ricky|Garcia|female|1985-03-26|2010-10-12T01:00:51Z|116.66.248.9|Chrome
124|Paul|Jones|female|1988-08-04|2010-12-30T02:27:43Z|2.216.0.12|Firefox
163|Ernst|Becker|female|1984-07-19|2010-03-17T10:59:53Z|31.47.232.3|Safari
610|Lei|Li|male|1982-05-11|2010-04-26T09:24:12Z|1.10.12.0|Firefox
808|Mikhail|Popov|male|1986-06-08|2011-01-04T03:25:31Z|31.172.192.2|Firefox
724|Wei|Yang|female|1985-01-13|2010-08-22T06:50:20Z|1.2.64.3|Chrome
847|Jae-Jin|Cho|male|1989-02-20|2010-07-18T08:45:44Z|49.247.0.5|Chrome
210|Sanjay|Anand|male|1981-10-06|2010-09-07T10:24:30Z|58.68.0.0|Chrome
816|Alexandra|Basov|female|1985-08-01|2010-08-30T09:32:24Z|31.200.216.14|Internet Explorer
409|Mohammad|Hosseini|female|1990-01-15|2010-11-19T05:25:02Z|77.245.224.11|Firefox
90|Juan|Duque|male|1987-12-07|2010-04-08T05:23:02Z|186.112.0.9|Chrome
718|Bing|Yang|male|1988-07-10|2010-08-31T11:06:35Z|1.1.4.5|Firefox
735|Peng|Zhao|female|1984-05-18|2010-09-05T03:03:59Z|14.196.0.13|Firefox
136|Katarina|Mamo|female|1989-08-01|2010-04-09T10:45:25Z|213.55.64.7|Firefox
567|Michael|Li|male|1984-10-07|2010-12-23T03:21:24Z|14.0.0.13|Firefox
633|Zhang|Li|male|1987-09-28|2010-08-10T02:09:28Z|14.16.0.6|Firefox
935|John|Jones|male|1981-09-09|2010-02-18T07:50:42Z|24.30.128.15|Chrome
399|Benny|Budjana|male|1989-04-02|2010-03-21T05:53:34Z|103.4.52.1|Firefox
793|Vasco|Oliveira|female|1984-10-29|2010-12-26T04:52:55Z|91.198.182.13|Internet Explorer
295|Shweta|Singh|male|1989-07-18|2010-11-25T09:11:23Z|49.236.0.9|Firefox
294|Sanjay|Sharma|male|1981-07-28|2010-02-21T09:13:04Z|103.1.112.6|Firefox
431|Akira|Tanaka|female|1983-02-15|2010-10-22T04:24:47Z|27.113.224.0|Chrome
873|Andrew|Adhia|female|1981-09-29|2010-08-24T10:18:36Z|196.46.128.12|Firefox
797|Bangguo|Chan|female|1981-02-07|2010-12-22T06:59:49Z|113.21.160.2|Internet Explorer
796|Bo|Yang|male|1984-10-20|2010-05-27T02:23:45Z|110.24.0.9|Firefox
260|Deepak|Khan|male|1981-08-02|2010-07-24T07:14:39Z|27.112.120.14|Chrome
891|Kerem|Arikan|female|1980-09-16|2010-05-17T00:07:45Z|46.245.160.3|Firefox
158|Wilhelm|Fischer|male|1986-03-26|2010-03-27T02:23:29Z|199.103.76.11|Internet Explorer
684|Jun|Yang|female|1989-10-04|2010-12-30T11:04:44Z|14.104.0.0|Firefox
713|Lei|Yang|male|1983-07-20|2010-04-08T11:37:57Z|1.92.0.4|Chrome
849|Chi-Hyo|Kim|male|1980-08-03|2010-12-09T04:02:53Z|1.208.0.2|Internet Explorer
219|A.|Khan|female|1989-11-23|2010-09-03T11:40:27Z|61.0.0.3|Firefox
401|Mohammad|Mirza|female|1988-07-10|2010-03-02T08:55:20Z|46.148.32.15|Firefox
113|Ahmed|Chedid|male|1985-11-24|2010-08-09T11:33:31Z|196.43.201.17|Safari
302|Ashok|Singh|male|1988-10-08|2010-05-13T01:20:20Z|61.12.0.12|Chrome
934|George|Smith|female|1984-02-22|2010-03-15T03:13:30Z|24.24.0.7|Chrome
169|Rudolf|Becker|male|1982-10-25|2010-09-12T08:06:38Z|31.24.144.16|Firefox
525|Imran|Qureshi|male|1983-07-04|2010-12-13T08:33:53Z|196.3.72.23|Internet Explorer
279|Joseph|Kumar|male|1985-09-25|2010-04-15T01:20:01Z|14.102.224.6|Internet Explorer
644|Jun|Li|female|1989-07-17|2010-07-07T04:11:46Z|1.4.16.17|Internet Explorer
909|Taras|Kogan|female|1985-08-04|2010-11-08T11:20:13Z|46.164.128.17|Internet Explorer
917|Edward|Evans|female|1985-04-12|2010-05-22T04:29:13Z|203.31.234.14|Chrome
16|Jason|Jones|male|1984-01-20|2010-10-24T11:41:21Z|1.179.0.11|Firefox
234|Rajiv|Kumar|male|1985-01-29|2010-05-17T06:38:39Z|103.1.128.19|Firefox
39|Roberto|Santos|female|1981-01-22|2010-08-14T10:06:33Z|198.49.132.13|Firefox
714|Wei|Zhao|female|1985-04-20|2010-03-31T11:39:42Z|27.54.192.17|Internet Explorer
930|Steve|Brown|male|1980-10-28|2010-09-06T09:29:50Z|24.49.64.17|Chrome
757|Zhang|Wu|male|1984-02-16|2010-12-19T10:27:14Z|1.10.0.4|Opera
775|Cathy|Cruz|female|1984-06-29|2010-03-11T07:08:15Z|124.83.0.8|Chrome
129|Ian|Smith|male|1985-09-28|2010-07-05T03:13:37Z|31.96.0.7|Firefox
833|Abdala|Fuema|female|1988-10-14|2010-08-17T00:12:55Z|196.1.98.5|Chrome
546|Zheng|Zhao|female|1988-03-03|2010-06-19T05:27:15Z|1.4.16.11|Internet Explorer
898|Anıl|Sezer|female|1983-06-10|2010-09-24T06:17:35Z|81.21.160.12|Firefox
6|Abdallah|Achiou|male|1988-05-24|2010-06-29T02:32:37Z|195.39.218.15|Firefox
324|Shweta|Chatterjee|male|1986-12-16|2010-11-14T05:13:37Z|103.1.112.10|Chrome
703|Chen|Zhu|female|1981-03-10|2010-12-09T10:28:36Z|27.16.0.1|Chrome
512|Abdoulaye|Lo|male|1989-06-10|2010-04-21T10:16:25Z|41.78.116.1|Chrome
750|Changpeng|Zhu|female|1986-11-25|2010-12-16T11:52:42Z|27.131.220.11|Chrome
220|Arjun|Kapoor|female|1983-12-29|2010-10-19T10:01:56Z|49.50.64.3|Internet Explorer
98|Anders|Jensen|male|1981-05-27|2010-12-12T02:13:13Z|80.164.0.1|Chrome
93|Bruno|Aralica|male|1984-10-04|2010-06-14T08:07:29Z|87.252.128.3|Chrome
897|Mustafa|Sezer|male|1989-08-22|2010-12-23T07:26:42Z|46.106.0.1|Firefox
458|Ajuma|Jasani|female|1982-08-05|2010-03-15T03:10:29Z|80.72.96.7|Safari
438|Akira|Yamada|female|1982-01-21|2010-03-13T11:04:02Z|27.116.24.7|Internet Explorer
